"Term","Course","Title","Section","CRN","Days","Times","Location","Status","Max","Now","Instructor","Delivery Mode","Credits","Info","Comments"
"202490","ECE231","CIRCUITS & SYSTEMS I","001","92446","F","2:30 PM - 3:30 PM","TIER LECT 2","Open","80","44","","Face-to-Face","3","https://www.bkstr.com/webapp/wcs/stores/servlet/booklookServlet?bookstore_id-1=584&term_id-1=2024 Fall&crn-1=92446",""
"202490","ECE231","CIRCUITS & SYSTEMS I","001","92446","TR","2:30 PM - 3:50 PM","TIER LECT 2","Open","80","44","","Face-to-Face","3","https://www.bkstr.com/webapp/wcs/stores/servlet/booklookServlet?bookstore_id-1=584&term_id-1=2024 Fall&crn-1=92446",""
"202490","ECE231","CIRCUITS & SYSTEMS I","101","92447","R","6:00 PM - 10:05 PM","ECEC 115","Open","50","36","Manzhura, Oksana","Face-to-Face","3","https://www.bkstr.com/webapp/wcs/stores/servlet/booklookServlet?bookstore_id-1=584&term_id-1=2024 Fall&crn-1=92447",""
"202490","ECE231","CIRCUITS & SYSTEMS I - HONORS","HM1","92448","F","2:30 PM - 3:30 PM","TIER LECT 2","Open","20","10","","Face-to-Face","3","https://www.bkstr.com/webapp/wcs/stores/servlet/booklookServlet?bookstore_id-1=584&term_id-1=2024 Fall&crn-1=92448","Honors Course"
"202490","ECE231","CIRCUITS & SYSTEMS I - HONORS","HM1","92448","TR","2:30 PM - 3:50 PM","TIER LECT 2","Open","20","10","","Face-to-Face","3","https://www.bkstr.com/webapp/wcs/stores/servlet/booklookServlet?bookstore_id-1=584&term_id-1=2024 Fall&crn-1=92448","Honors Course"
"202490","ECE232","CIRCUITS & SYSTEMS II","001","92449","M","1:00 PM - 2:00 PM","ME 221","Open","50","45","Manzhura, Oksana","Face-to-Face","3","https://www.bkstr.com/webapp/wcs/stores/servlet/booklookServlet?bookstore_id-1=584&term_id-1=2024 Fall&crn-1=92449",""
"202490","ECE232","CIRCUITS & SYSTEMS II","001","92449","TR","2:30 PM - 3:50 PM","KUPF 205","Open","50","45","Manzhura, Oksana","Face-to-Face","3","https://www.bkstr.com/webapp/wcs/stores/servlet/booklookServlet?bookstore_id-1=584&term_id-1=2024 Fall&crn-1=92449",""
"202490","ECE232","CIRCUITS & SYSTEMS II","101","92450","F","6:00 PM - 10:05 PM","ECEC 115","Open","60","5","","Face-to-Face","3","https://www.bkstr.com/webapp/wcs/stores/servlet/booklookServlet?bookstore_id-1=584&term_id-1=2024 Fall&crn-1=92450",""
"202490","ECE232","CIRCUITS & SYSTEMS II - HONORS","HM1","92451","M","1:00 PM - 2:00 PM","ME 221","Open","10","5","Manzhura, Oksana","Face-to-Face","3","https://www.bkstr.com/webapp/wcs/stores/servlet/booklookServlet?bookstore_id-1=584&term_id-1=2024 Fall&crn-1=92451","Honors Course"
"202490","ECE232","CIRCUITS & SYSTEMS II - HONORS","HM1","92451","TR","2:30 PM - 3:50 PM","KUPF 205","Open","10","5","Manzhura, Oksana","Face-to-Face","3","https://www.bkstr.com/webapp/wcs/stores/servlet/booklookServlet?bookstore_id-1=584&term_id-1=2024 Fall&crn-1=92451","Honors Course"
"202490","ECE251","DIGITAL DESIGN","001","92452","F","8:30 AM - 9:50 AM","CULM 110","Open","38","32","Savir, Jacob","Face-to-Face","3","https://www.bkstr.com/webapp/wcs/stores/servlet/booklookServlet?bookstore_id-1=584&term_id-1=2024 Fall&crn-1=92452",""
"202490","ECE251","DIGITAL DESIGN","001","92452","M","2:30 PM - 3:30 PM","CULM 110","Open","38","32","Savir, Jacob","Face-to-Face","3","https://www.bkstr.com/webapp/wcs/stores/servlet/booklookServlet?bookstore_id-1=584&term_id-1=2024 Fall&crn-1=92452",""
"202490","ECE251","DIGITAL DESIGN","001","92452","W","8:30 AM - 9:50 AM","TIER 106","Open","38","32","Savir, Jacob","Face-to-Face","3","https://www.bkstr.com/webapp/wcs/stores/servlet/booklookServlet?bookstore_id-1=584&term_id-1=2024 Fall&crn-1=92452",""
"202490","ECE251","DIGITAL DESIGN","003","92453","M","1:00 PM - 2:00 PM","KUPF 104","Open","38","14","Savir, Jacob","Face-to-Face","3","https://www.bkstr.com/webapp/wcs/stores/servlet/booklookServlet?bookstore_id-1=584&term_id-1=2024 Fall&crn-1=92453",""
"202490","ECE251","DIGITAL DESIGN","003","92453","WF","10:00 AM - 11:20 AM","KUPF 108","Open","38","14","Savir, Jacob","Face-to-Face","3","https://www.bkstr.com/webapp/wcs/stores/servlet/booklookServlet?bookstore_id-1=584&term_id-1=2024 Fall&crn-1=92453",""
"202490","ECE251","DIGITAL DESIGN","101","92454","T","6:00 PM - 10:05 PM","ECEC 100","Open","60","40","","Face-to-Face","3","https://www.bkstr.com/webapp/wcs/stores/servlet/booklookServlet?bookstore_id-1=584&term_id-1=2024 Fall&crn-1=92454",""
"202490","ECE252","MICROPROCESSORS","101","92455","W","6:00 PM - 8:50 PM","ECEC 100","Open","60","53","","Face-to-Face","3","https://www.bkstr.com/webapp/wcs/stores/servlet/booklookServlet?bookstore_id-1=584&term_id-1=2024 Fall&crn-1=92455",""
"202490","ECE271","ELECTRONIC CIRCUITS I","001","92456","M","2:30 PM - 3:30 PM","KUPF 205","Open","55","12","Bhavnagarwala, Azeez","Face-to-Face","3","https://www.bkstr.com/webapp/wcs/stores/servlet/booklookServlet?bookstore_id-1=584&term_id-1=2024 Fall&crn-1=92456",""
"202490","ECE271","ELECTRONIC CIRCUITS I","001","92456","TR","11:30 AM - 12:50 PM","ECEC 115","Open","55","12","Bhavnagarwala, Azeez","Face-to-Face","3","https://www.bkstr.com/webapp/wcs/stores/servlet/booklookServlet?bookstore_id-1=584&term_id-1=2024 Fall&crn-1=92456",""
"202490","ECE271","ELECTRONIC CIRCUITS I","101","92457","M","6:00 PM - 10:05 PM","FMH 207","Closed","38","38","Walker-Soler, Jean","Face-to-Face","3","https://www.bkstr.com/webapp/wcs/stores/servlet/booklookServlet?bookstore_id-1=584&term_id-1=2024 Fall&crn-1=92457",""
"202490","ECE271","ELECTRONIC CIRCUITS I - HONORS","HM1","92458","M","2:30 PM - 3:30 PM","KUPF 205","Open","5","3","Walker-Soler, Jean","Face-to-Face","3","https://www.bkstr.com/webapp/wcs/stores/servlet/booklookServlet?bookstore_id-1=584&term_id-1=2024 Fall&crn-1=92458","Honors Course"
"202490","ECE271","ELECTRONIC CIRCUITS I - HONORS","HM1","92458","TR","11:30 AM - 12:50 PM","ECEC 115","Open","5","3","Walker-Soler, Jean","Face-to-Face","3","https://www.bkstr.com/webapp/wcs/stores/servlet/booklookServlet?bookstore_id-1=584&term_id-1=2024 Fall&crn-1=92458","Honors Course"
"202490","ECE294","ANALOG AND DIGITAL LAB","001","92459","M","8:30 AM - 12:50 PM","FMH 304","Open","30","13","","Face-to-Face","2","https://www.bkstr.com/webapp/wcs/stores/servlet/booklookServlet?bookstore_id-1=584&term_id-1=2024 Fall&crn-1=92459",""
"202490","ECE294","ANALOG AND DIGITAL LAB","003","92460","W","8:30 AM - 12:50 PM","FMH 211","Open","30","10","","Face-to-Face","2","https://www.bkstr.com/webapp/wcs/stores/servlet/booklookServlet?bookstore_id-1=584&term_id-1=2024 Fall&crn-1=92460",""
"202490","ECE294","ANALOG AND DIGITAL LAB","101","92461","T","6:00 PM - 10:05 PM","FMH 211","Open","30","27","","Face-to-Face","2","https://www.bkstr.com/webapp/wcs/stores/servlet/booklookServlet?bookstore_id-1=584&term_id-1=2024 Fall&crn-1=92461",""
"202490","ECE321","RANDOM SIGNALS AND NOISE","101","92462","W","6:00 PM - 8:50 PM","FMH 405","Open","35","31","","Face-to-Face","3","https://www.bkstr.com/webapp/wcs/stores/servlet/booklookServlet?bookstore_id-1=584&term_id-1=2024 Fall&crn-1=92462",""
"202490","ECE333","SIGNALS & SYSTEMS","001","92463","F","10:00 AM - 11:20 AM","CULM LECT 2","Open","60","27","Ge, Hongya","Face-to-Face","3","https://www.bkstr.com/webapp/wcs/stores/servlet/booklookServlet?bookstore_id-1=584&term_id-1=2024 Fall&crn-1=92463",""
"202490","ECE333","SIGNALS & SYSTEMS","001","92463","T","1:00 PM - 2:20 PM","ECEC 115","Open","60","27","Ge, Hongya","Face-to-Face","3","https://www.bkstr.com/webapp/wcs/stores/servlet/booklookServlet?bookstore_id-1=584&term_id-1=2024 Fall&crn-1=92463",""
"202490","ECE342","ENERGY CONVERSION","001","92464","M","1:00 PM - 3:05 PM","FMH 109","Closed","30","30","Raj, Ratna","Face-to-Face","4","https://www.bkstr.com/webapp/wcs/stores/servlet/booklookServlet?bookstore_id-1=584&term_id-1=2024 Fall&crn-1=92464",""
"202490","ECE342","ENERGY CONVERSION","001","92464","MW","10:00 AM - 11:20 AM","FMH 405","Closed","30","30","Raj, Ratna","Face-to-Face","4","https://www.bkstr.com/webapp/wcs/stores/servlet/booklookServlet?bookstore_id-1=584&term_id-1=2024 Fall&crn-1=92464",""
"202490","ECE353","COMPUTER ARCH & ORGANIZATION","001","92465","MW","10:00 AM - 11:20 AM","ECEC 115","Open","50","44","Carpinelli, John","Face-to-Face","3","https://www.bkstr.com/webapp/wcs/stores/servlet/booklookServlet?bookstore_id-1=584&term_id-1=2024 Fall&crn-1=92465",""
"202490","ECE361","ELECTROMAG FIELDS","101","92466","R","6:00 PM - 10:05 PM","CULM 110","Closed","40","40","","Face-to-Face","3","https://www.bkstr.com/webapp/wcs/stores/servlet/booklookServlet?bookstore_id-1=584&term_id-1=2024 Fall&crn-1=92466",""
"202490","ECE362","ELECTROMAGNETIC WAVES PROPAGAT","001","92467","M","4:00 PM - 5:20 PM"," ","Cancelled","60","0","","Face-to-Face","3","https://www.bkstr.com/webapp/wcs/stores/servlet/booklookServlet?bookstore_id-1=584&term_id-1=2024 Fall&crn-1=92467","Cancelled 04/03/24"
"202490","ECE362","ELECTROMAGNETIC WAVES PROPAGAT","001","92467","R","1:00 PM - 2:20 PM"," ","Cancelled","60","0","","Face-to-Face","3","https://www.bkstr.com/webapp/wcs/stores/servlet/booklookServlet?bookstore_id-1=584&term_id-1=2024 Fall&crn-1=92467","Cancelled 04/03/24"
"202490","ECE362","ELECTROMAGNETIC WAVES PROPAGAT","101","96234","W","6:00 PM - 8:50 PM","FMH 409","Open","30","2","","Face-to-Face","3","https://www.bkstr.com/webapp/wcs/stores/servlet/booklookServlet?bookstore_id-1=584&term_id-1=2024 Fall&crn-1=96234",""
"202490","ECE368","SIGNAL TRANSMISSION","101","92468","M","6:00 PM - 8:50 PM","TIER LECT 1","Open","60","40","Grebel, Haim","Face-to-Face","3","https://www.bkstr.com/webapp/wcs/stores/servlet/booklookServlet?bookstore_id-1=584&term_id-1=2024 Fall&crn-1=92468",""
"202490","ECE371","ELECTRONIC CIRCUITS DESIGN","001","92469","TR","8:30 AM - 9:50 AM","ECEC 100","Closed","30","30","Feknous, Mohammed","Face-to-Face","4","https://www.bkstr.com/webapp/wcs/stores/servlet/booklookServlet?bookstore_id-1=584&term_id-1=2024 Fall&crn-1=92469",""
"202490","ECE371","ELECTRONIC CIRCUITS DESIGN","001","92469","W","12:15 PM - 2:20 PM","FMH 304","Closed","30","30","Feknous, Mohammed","Face-to-Face","4","https://www.bkstr.com/webapp/wcs/stores/servlet/booklookServlet?bookstore_id-1=584&term_id-1=2024 Fall&crn-1=92469",""
"202490","ECE371","ELECTRONIC CIRCUITS DESIGN- HONORS","HM1","92470","TR","8:30 AM - 9:50 AM","ECEC 100","Open","10","1","Feknous, Mohammed","Face-to-Face","4","https://www.bkstr.com/webapp/wcs/stores/servlet/booklookServlet?bookstore_id-1=584&term_id-1=2024 Fall&crn-1=92470","Honors Course"
"202490","ECE371","ELECTRONIC CIRCUITS DESIGN- HONORS","HM1","92470","W","12:15 PM - 2:20 PM","FMH 304","Open","10","1","Feknous, Mohammed","Face-to-Face","4","https://www.bkstr.com/webapp/wcs/stores/servlet/booklookServlet?bookstore_id-1=584&term_id-1=2024 Fall&crn-1=92470","Honors Course"
"202490","ECE375","INTRODUCTION TO SEMICONDUCTORS","001","92471","F","2:30 PM - 4:35 PM","FMH 109","Open","60","21","Tsybeskov, Leonid","Face-to-Face","4","https://www.bkstr.com/webapp/wcs/stores/servlet/booklookServlet?bookstore_id-1=584&term_id-1=2024 Fall&crn-1=92471",""
"202490","ECE375","INTRODUCTION TO SEMICONDUCTORS","001","92471","TR","10:00 AM - 11:20 AM","ECEC 100","Open","60","21","Tsybeskov, Leonid","Face-to-Face","4","https://www.bkstr.com/webapp/wcs/stores/servlet/booklookServlet?bookstore_id-1=584&term_id-1=2024 Fall&crn-1=92471",""
"202490","ECE381","APPLIED MACHINE LEARNING","001","96240","M","4:00 PM - 5:20 PM","ECEC 100","Open","60","52","","Face-to-Face","3","https://www.bkstr.com/webapp/wcs/stores/servlet/booklookServlet?bookstore_id-1=584&term_id-1=2024 Fall&crn-1=96240",""
"202490","ECE381","APPLIED MACHINE LEARNING","001","96240","R","1:00 PM - 2:20 PM","ECEC 100","Open","60","52","","Face-to-Face","3","https://www.bkstr.com/webapp/wcs/stores/servlet/booklookServlet?bookstore_id-1=584&term_id-1=2024 Fall&crn-1=96240",""
"202490","ECE395","MICROPROCESSOR LABORATORY","001","92472","F","1:00 PM - 5:20 PM","FMH 204A","Open","30","25","","Face-to-Face","2","https://www.bkstr.com/webapp/wcs/stores/servlet/booklookServlet?bookstore_id-1=584&term_id-1=2024 Fall&crn-1=92472",""
"202490","ECE395","MICROPROCESSOR LABORATORY","101","92473","T","6:00 PM - 10:05 PM","FMH 204A","Closed","30","30","","Face-to-Face","2","https://www.bkstr.com/webapp/wcs/stores/servlet/booklookServlet?bookstore_id-1=584&term_id-1=2024 Fall&crn-1=92473",""
"202490","ECE395","MICROPROCESSOR LABORATORY","103","92474","M","6:00 PM - 10:05 PM","FMH 204A","Closed","30","30","","Face-to-Face","2","https://www.bkstr.com/webapp/wcs/stores/servlet/booklookServlet?bookstore_id-1=584&term_id-1=2024 Fall&crn-1=92474",""
"202490","ECE405","ELEC ENGR PRINCIPLES","001","92475","M","2:30 PM - 3:50 PM","TIER LECT 2","Open","134","100","","Face-to-Face","3","https://www.bkstr.com/webapp/wcs/stores/servlet/booklookServlet?bookstore_id-1=584&term_id-1=2024 Fall&crn-1=92475","For Permits See ME/IE Advisor"
"202490","ECE405","ELEC ENGR PRINCIPLES","001","92475","R","2:30 PM - 3:50 PM","TIER LECT 1","Open","134","100","","Face-to-Face","3","https://www.bkstr.com/webapp/wcs/stores/servlet/booklookServlet?bookstore_id-1=584&term_id-1=2024 Fall&crn-1=92475","For Permits See ME/IE Advisor"
"202490","ECE414","ELECT & COMP ENGR PROJECT I","001","92476","F","1:00 PM - 2:00 PM","KUPF 117","Open","80","8","Tsybeskov, Leonid","Face-to-Face","1","https://www.bkstr.com/webapp/wcs/stores/servlet/booklookServlet?bookstore_id-1=584&term_id-1=2024 Fall&crn-1=92476",""
"202490","ECE414","ELECT & COMP ENGR PROJECT I - HONORS","HM1","92477","F","1:00 PM - 2:00 PM","KUPF 117","Open","10","1","Tsybeskov, Leonid","Face-to-Face","1","https://www.bkstr.com/webapp/wcs/stores/servlet/booklookServlet?bookstore_id-1=584&term_id-1=2024 Fall&crn-1=92477","Honors Course"
"202490","ECE416","ELECT & COMP ENGNR PROJ II","001","92478","R","2:30 PM - 3:50 PM","FMH 108","Open","30","21","Liu, Xuan","Face-to-Face","3","https://www.bkstr.com/webapp/wcs/stores/servlet/booklookServlet?bookstore_id-1=584&term_id-1=2024 Fall&crn-1=92478",""
"202490","ECE416","ELECT & COMP ENGNR PROJ II","001","92478","R","4:00 PM - 5:20 PM","FMH 211","Open","30","21","Liu, Xuan","Face-to-Face","3","https://www.bkstr.com/webapp/wcs/stores/servlet/booklookServlet?bookstore_id-1=584&term_id-1=2024 Fall&crn-1=92478",""
"202490","ECE416","ELECT & COMP ENGNR PROJ II","101","92479","R","6:00 PM - 8:50 PM","FMH 211","Open","30","16","Ko, Dong","Face-to-Face","3","https://www.bkstr.com/webapp/wcs/stores/servlet/booklookServlet?bookstore_id-1=584&term_id-1=2024 Fall&crn-1=92479",""
"202490","ECE417","ELECT AND COMP ENGR PROJ II","241","92480","","TBA"," ","Open","19","0","Ansari, Nirwan","Face-to-Face","3","https://www.bkstr.com/webapp/wcs/stores/servlet/booklookServlet?bookstore_id-1=584&term_id-1=2024 Fall&crn-1=92480","See department for permission to enroll."
"202490","ECE417","ELECT AND COMP ENGR PROJ II","245","92481","","TBA"," ","Open","19","0","Carpinelli, John","Face-to-Face","3","https://www.bkstr.com/webapp/wcs/stores/servlet/booklookServlet?bookstore_id-1=584&term_id-1=2024 Fall&crn-1=92481","See department for permission to enroll."
"202490","ECE417","ELECT AND COMP ENGR PROJ II","251","92482","","TBA"," ","Open","19","0","Wang, Cong","Face-to-Face","3","https://www.bkstr.com/webapp/wcs/stores/servlet/booklookServlet?bookstore_id-1=584&term_id-1=2024 Fall&crn-1=92482","See department for permission to enroll."
"202490","ECE417","ELECT AND COMP ENGR PROJ II","254","92483","","TBA"," ","Open","19","0","","Face-to-Face","3","https://www.bkstr.com/webapp/wcs/stores/servlet/booklookServlet?bookstore_id-1=584&term_id-1=2024 Fall&crn-1=92483","See department for permission to enroll."
"202490","ECE417","ELECT AND COMP ENGR PROJ II","261","92484","","TBA"," ","Open","19","0","Misra, Durgamadhab","Face-to-Face","3","https://www.bkstr.com/webapp/wcs/stores/servlet/booklookServlet?bookstore_id-1=584&term_id-1=2024 Fall&crn-1=92484","See department for permission to enroll."
"202490","ECE417","ELECT AND COMP ENGR PROJ II","262","92485","","TBA"," ","Open","19","0","","Face-to-Face","3","https://www.bkstr.com/webapp/wcs/stores/servlet/booklookServlet?bookstore_id-1=584&term_id-1=2024 Fall&crn-1=92485","See department for permission to enroll."
"202490","ECE417","ELECT AND COMP ENGR PROJ II","267","92486","","TBA"," ","Open","19","0","Shi, Yun-Qing","Face-to-Face","3","https://www.bkstr.com/webapp/wcs/stores/servlet/booklookServlet?bookstore_id-1=584&term_id-1=2024 Fall&crn-1=92486","See department for permission to enroll."
"202490","ECE417","ELECT AND COMP ENGR PROJ II","270","92487","","TBA"," ","Open","19","0","","Face-to-Face","3","https://www.bkstr.com/webapp/wcs/stores/servlet/booklookServlet?bookstore_id-1=584&term_id-1=2024 Fall&crn-1=92487","See department for permission to enroll."
"202490","ECE417","ELECT AND COMP ENGR PROJ II","275","92488","","TBA"," ","Open","19","0","","Face-to-Face","3","https://www.bkstr.com/webapp/wcs/stores/servlet/booklookServlet?bookstore_id-1=584&term_id-1=2024 Fall&crn-1=92488","See department for permission to enroll."
"202490","ECE417","ELECT AND COMP ENGR PROJ II","277","92489","","TBA"," ","Open","19","0","Zhou, Mengchu","Face-to-Face","3","https://www.bkstr.com/webapp/wcs/stores/servlet/booklookServlet?bookstore_id-1=584&term_id-1=2024 Fall&crn-1=92489","See department for permission to enroll."
"202490","ECE417","ELECT AND COMP ENGR PROJ II","296","92490","","TBA"," ","Open","19","0","Feknous, Mohammed","Face-to-Face","3","https://www.bkstr.com/webapp/wcs/stores/servlet/booklookServlet?bookstore_id-1=584&term_id-1=2024 Fall&crn-1=92490","See department for permission to enroll."
"202490","ECE417","ELECT AND COMP ENGR PROJ II","298","92491","","TBA"," ","Open","19","0","Kliewer, Joerg","Face-to-Face","3","https://www.bkstr.com/webapp/wcs/stores/servlet/booklookServlet?bookstore_id-1=584&term_id-1=2024 Fall&crn-1=92491","See department for permission to enroll."
"202490","ECE417","ELECT AND COMP ENGR PROJ II","307","92492","","TBA"," ","Open","19","0","Tsybeskov, Leonid","Face-to-Face","3","https://www.bkstr.com/webapp/wcs/stores/servlet/booklookServlet?bookstore_id-1=584&term_id-1=2024 Fall&crn-1=92492","See department for permission to enroll."
"202490","ECE417","ELECT AND COMP ENGR PROJ II","308","92493","","TBA"," ","Open","19","0","Rojas-Cessa, Roberto","Face-to-Face","3","https://www.bkstr.com/webapp/wcs/stores/servlet/booklookServlet?bookstore_id-1=584&term_id-1=2024 Fall&crn-1=92493","See department for permission to enroll."
"202490","ECE417","ELECT AND COMP ENGR PROJ II","314","92494","","TBA"," ","Open","19","0","","Face-to-Face","3","https://www.bkstr.com/webapp/wcs/stores/servlet/booklookServlet?bookstore_id-1=584&term_id-1=2024 Fall&crn-1=92494","See department for permission to enroll."
"202490","ECE417","ELECT AND COMP ENGR PROJ II","315","92495","","TBA"," ","Open","19","0","Ghosh, Arnob","Face-to-Face","3","https://www.bkstr.com/webapp/wcs/stores/servlet/booklookServlet?bookstore_id-1=584&term_id-1=2024 Fall&crn-1=92495","See department for permission to enroll."
"202490","ECE417","ELECT AND COMP ENGR PROJ II","316","92496","","TBA"," ","Open","19","0","Taylor, Joshua","Face-to-Face","3","https://www.bkstr.com/webapp/wcs/stores/servlet/booklookServlet?bookstore_id-1=584&term_id-1=2024 Fall&crn-1=92496","See department for permission to enroll."
"202490","ECE417","ELECT AND COMP ENGR PROJ II - HONORS","H01","92497","","TBA"," ","Open","19","0","","Face-to-Face","3","https://www.bkstr.com/webapp/wcs/stores/servlet/booklookServlet?bookstore_id-1=584&term_id-1=2024 Fall&crn-1=92497","Honors Course<br />See department for permission to enroll."
"202490","ECE421","DIGITAL DATA COMMUNICATION","101","92498","R","6:00 PM - 8:50 PM","FMH 207","Open","40","28","Kam, Moshe","Face-to-Face","3","https://www.bkstr.com/webapp/wcs/stores/servlet/booklookServlet?bookstore_id-1=584&term_id-1=2024 Fall&crn-1=92498",""
"202490","ECE422","COMPUTER COMM NETWORKS","001","92499","R","4:00 PM - 5:20 PM","ECEC 100","Open","50","32","Feknous, Mohammed","Face-to-Face","3","https://www.bkstr.com/webapp/wcs/stores/servlet/booklookServlet?bookstore_id-1=584&term_id-1=2024 Fall&crn-1=92499",""
"202490","ECE422","COMPUTER COMM NETWORKS","001","92499","T","1:00 PM - 2:20 PM","CKB 204","Open","50","32","Feknous, Mohammed","Face-to-Face","3","https://www.bkstr.com/webapp/wcs/stores/servlet/booklookServlet?bookstore_id-1=584&term_id-1=2024 Fall&crn-1=92499",""
"202490","ECE425","WIRELESS COMMUNICATION SYSTEMS","001","92500","M","2:30 PM - 5:20 PM","ECEC 115","Open","30","18","Haimovich, Alexander","Face-to-Face","3","https://www.bkstr.com/webapp/wcs/stores/servlet/booklookServlet?bookstore_id-1=584&term_id-1=2024 Fall&crn-1=92500",""
"202490","ECE429","COMPUTER COMMUNICATIONS LAB","001","92501","T","1:00 PM - 5:20 PM","FMH 101C","Closed","12","12","","Face-to-Face","2","https://www.bkstr.com/webapp/wcs/stores/servlet/booklookServlet?bookstore_id-1=584&term_id-1=2024 Fall&crn-1=92501",""
"202490","ECE429","COMPUTER COMMUNICATIONS LAB","101","92502","W","6:00 PM - 10:05 PM","FMH 101C","Closed","12","12","","Face-to-Face","2","https://www.bkstr.com/webapp/wcs/stores/servlet/booklookServlet?bookstore_id-1=584&term_id-1=2024 Fall&crn-1=92502",""
"202490","ECE431","INTRO TO FEEDBACK CONTROL SYST","001","92503","MW","11:30 AM - 12:50 PM","WEST LECT 2","Open","45","25","Friedland, Bernard","Face-to-Face","3","https://www.bkstr.com/webapp/wcs/stores/servlet/booklookServlet?bookstore_id-1=584&term_id-1=2024 Fall&crn-1=92503",""
"202490","ECE432","ADVANCED CONTROLS AND ROBOTICS","101","92504","M","6:00 PM - 8:50 PM","FMH 412","Open","30","0","Wang, Cong","Face-to-Face","3","https://www.bkstr.com/webapp/wcs/stores/servlet/booklookServlet?bookstore_id-1=584&term_id-1=2024 Fall&crn-1=92504",""
"202490","ECE439","CONTROL SYSTEMS LAB","101","92505","T","6:00 PM - 10:05 PM","FMH 304","Open","24","0","","Face-to-Face","2","https://www.bkstr.com/webapp/wcs/stores/servlet/booklookServlet?bookstore_id-1=584&term_id-1=2024 Fall&crn-1=92505",""
"202490","ECE442","POWER SYSTEMS","001","92506","TR","8:30 AM - 9:50 AM","CKB 226","Open","30","11","","Face-to-Face","3","https://www.bkstr.com/webapp/wcs/stores/servlet/booklookServlet?bookstore_id-1=584&term_id-1=2024 Fall&crn-1=92506",""
"202490","ECE449","POWER SYSTEMS LABORATORY","101","92507","W","6:00 PM - 10:05 PM","FMH 109","Open","12","9","","Face-to-Face","2","https://www.bkstr.com/webapp/wcs/stores/servlet/booklookServlet?bookstore_id-1=584&term_id-1=2024 Fall&crn-1=92507",""
"202490","ECE451","ADVANCED COMPUTER ARCHITECTURE","001","92508","MW","11:30 AM - 12:50 PM","ECEC 100","Open","50","35","Angizi, Shaahin","Face-to-Face","3","https://www.bkstr.com/webapp/wcs/stores/servlet/booklookServlet?bookstore_id-1=584&term_id-1=2024 Fall&crn-1=92508",""
"202490","ECE453","INTRO DISCRETE EVENT SYS","101","92509","T","6:00 PM - 8:50 PM","FMH 408","Open","50","25","","Face-to-Face","3","https://www.bkstr.com/webapp/wcs/stores/servlet/booklookServlet?bookstore_id-1=584&term_id-1=2024 Fall&crn-1=92509",""
"202490","ECE461","HIGH-SPEED ELECTRONIC DEVICES","001","92510","WF","10:00 AM - 11:20 AM","CKB 320","Open","30","15","Grebel, Haim","Face-to-Face","3","https://www.bkstr.com/webapp/wcs/stores/servlet/booklookServlet?bookstore_id-1=584&term_id-1=2024 Fall&crn-1=92510",""
"202490","ECE495","COMP ENGINEER DESIGN LAB","001","92511","M","1:00 PM - 2:20 PM","ECEC 100","Open","24","22","","Face-to-Face","3","https://www.bkstr.com/webapp/wcs/stores/servlet/booklookServlet?bookstore_id-1=584&term_id-1=2024 Fall&crn-1=92511",""
"202490","ECE495","COMP ENGINEER DESIGN LAB","001","92511","R","8:30 AM - 12:05 PM","FMH 316","Open","24","22","","Face-to-Face","3","https://www.bkstr.com/webapp/wcs/stores/servlet/booklookServlet?bookstore_id-1=584&term_id-1=2024 Fall&crn-1=92511",""
"202490","ECE495","COMP ENGINEER DESIGN LAB","003","92512","M","1:00 PM - 2:20 PM","ECEC 100","Closed","24","24","","Face-to-Face","3","https://www.bkstr.com/webapp/wcs/stores/servlet/booklookServlet?bookstore_id-1=584&term_id-1=2024 Fall&crn-1=92512",""
"202490","ECE495","COMP ENGINEER DESIGN LAB","003","92512","R","1:00 PM - 4:35 PM","FMH 204A","Closed","24","24","","Face-to-Face","3","https://www.bkstr.com/webapp/wcs/stores/servlet/booklookServlet?bookstore_id-1=584&term_id-1=2024 Fall&crn-1=92512",""
"202490","ECE498","ST: INTRODUCTION TO APPLIED MACHINE LEARNING","101","92513","W","6:00 PM - 8:50 PM"," ","Cancelled","30","0","","Face-to-Face","3","https://www.bkstr.com/webapp/wcs/stores/servlet/booklookServlet?bookstore_id-1=584&term_id-1=2024 Fall&crn-1=92513","Cancelled 04/03/24"
"202490","ECE590","GRADUATE COOP WORK EXPER I","251","92514","","TBA"," ","Open","19","0","Wang, Cong","Face-to-Face","1","https://www.bkstr.com/webapp/wcs/stores/servlet/booklookServlet?bookstore_id-1=584&term_id-1=2024 Fall&crn-1=92514","See department for permission to enroll."
"202490","ECE591","GRADUATE COOP WORK EXPER II","251","92515","","TBA"," ","Open","19","0","Wang, Cong","Face-to-Face","1","https://www.bkstr.com/webapp/wcs/stores/servlet/booklookServlet?bookstore_id-1=584&term_id-1=2024 Fall&crn-1=92515","See department for permission to enroll."
"202490","ECE592","GRADUATE COOP WORK EXPER III","251","92516","","TBA"," ","Open","19","0","Wang, Cong","Face-to-Face","1","https://www.bkstr.com/webapp/wcs/stores/servlet/booklookServlet?bookstore_id-1=584&term_id-1=2024 Fall&crn-1=92516","See department for permission to enroll."
"202490","ECE593","GRADUATE CO-OP WORK EXP IV","251","92517","","TBA"," ","Open","19","0","Wang, Cong","Face-to-Face","0","https://www.bkstr.com/webapp/wcs/stores/servlet/booklookServlet?bookstore_id-1=584&term_id-1=2024 Fall&crn-1=92517","See department for permission to enroll."
"202490","ECE601","LINEAR SYSTEMS","101","92518","M","6:00 PM - 8:50 PM","FMH 110","Open","40","18","","Face-to-Face","3","https://www.bkstr.com/webapp/wcs/stores/servlet/booklookServlet?bookstore_id-1=584&term_id-1=2024 Fall&crn-1=92518",""
"202490","ECE601","LINEAR SYSTEMS","851","92519","","TBA"," ","Open","30","2","Ge, Hongya","Online Virtual","3","https://www.bkstr.com/webapp/wcs/stores/servlet/booklookServlet?bookstore_id-1=584&term_id-1=2024 Fall&crn-1=92519","Online Course<br />Restricted to Virtual Campus Students Only"
"202490","ECE610","POWER SYST STEADY STATE ANLYS","101","92520","T","6:00 PM - 8:50 PM","CKB 106","Open","38","2","","Hybrid","3","https://www.bkstr.com/webapp/wcs/stores/servlet/booklookServlet?bookstore_id-1=584&term_id-1=2024 Fall&crn-1=92520","Hybrid Course<br />Face-to-face meetings held alternate weeks starting: 9/5/23<br />https://www.njit.edu/registrar/instructionaldelivery/"
"202490","ECE611","TRANSIENTS IN POWER SYSTEMS","851","92521","","TBA"," ","Open","30","7","","Online Newark","3","https://www.bkstr.com/webapp/wcs/stores/servlet/booklookServlet?bookstore_id-1=584&term_id-1=2024 Fall&crn-1=92521","Restricted to Newark Campus Students Only<br />Online Course"
"202490","ECE613","PROTECTION OF POWER SYSTEMS","851","92522","","TBA"," ","Open","30","2","","Online Virtual","3","https://www.bkstr.com/webapp/wcs/stores/servlet/booklookServlet?bookstore_id-1=584&term_id-1=2024 Fall&crn-1=92522","Restricted to Virtual Campus Students Only<br />Online Course"
"202490","ECE617","ECON CONT INTERCONNCTD PW SYS","101","92523","R","6:00 PM - 8:50 PM"," ","Cancelled","40","0","","Face-to-Face","3","https://www.bkstr.com/webapp/wcs/stores/servlet/booklookServlet?bookstore_id-1=584&term_id-1=2024 Fall&crn-1=92523","Cancelled 04/17/24"
"202490","ECE619","INTELLIGENT SENSING FOR SMART","101","92524","W","6:00 PM - 8:50 PM","FMH 407","Open","30","7","Pong, Wing Tat","Face-to-Face","3","https://www.bkstr.com/webapp/wcs/stores/servlet/booklookServlet?bookstore_id-1=584&term_id-1=2024 Fall&crn-1=92524",""
"202490","ECE636","COMPUTER NETWORKING LABORATORY","101","92525","M","6:00 PM - 8:50 PM","FMH 401A","Closed","12","12","","Face-to-Face","3","https://www.bkstr.com/webapp/wcs/stores/servlet/booklookServlet?bookstore_id-1=584&term_id-1=2024 Fall&crn-1=92525",""
"202490","ECE641","LAB FOR HIGH PERFORMANCE DSP","001","92526","R","11:30 AM - 2:20 PM","FMH 211","Open","12","11","Akansu, Ali","Face-to-Face","3","https://www.bkstr.com/webapp/wcs/stores/servlet/booklookServlet?bookstore_id-1=584&term_id-1=2024 Fall&crn-1=92526",""
"202490","ECE642","INTRO TO COMMUNICATION SYSTEMS","101","92527","T","6:00 PM - 8:50 PM","FMH 409","Open","30","4","","Face-to-Face","3","https://www.bkstr.com/webapp/wcs/stores/servlet/booklookServlet?bookstore_id-1=584&term_id-1=2024 Fall&crn-1=92527",""
"202490","ECE644","WIRELESS COMMUNICATIONS","001","92528","M","2:30 PM - 5:20 PM","ECEC 115","Open","30","0","Haimovich, Alexander","Face-to-Face","3","https://www.bkstr.com/webapp/wcs/stores/servlet/booklookServlet?bookstore_id-1=584&term_id-1=2024 Fall&crn-1=92528",""
"202490","ECE657","SEMICONDUCTOR  DEVICES","101","92529","W","6:00 PM - 8:50 PM","FMH 321","Open","30","6","Ko, Dong","Face-to-Face","3","https://www.bkstr.com/webapp/wcs/stores/servlet/booklookServlet?bookstore_id-1=584&term_id-1=2024 Fall&crn-1=92529",""
"202490","ECE658","VLSI DESIGN I","101","92530","R","6:00 PM - 8:50 PM","FMH 407","Open","30","3","Misra, Durgamadhab","Face-to-Face","3","https://www.bkstr.com/webapp/wcs/stores/servlet/booklookServlet?bookstore_id-1=584&term_id-1=2024 Fall&crn-1=92530",""
"202490","ECE664","APPLIED ADVANCED CONTROL SYS","851","92531","","TBA"," ","Open","30","1","","Online Virtual","3","https://www.bkstr.com/webapp/wcs/stores/servlet/booklookServlet?bookstore_id-1=584&term_id-1=2024 Fall&crn-1=92531","Online Course<br />Restricted to Virtual Campus Students Only"
"202490","ECE673","RANDOM SIGNAL ANALYSIS","101","92532","F","6:00 PM - 8:50 PM","KUPF 209","Open","50","6","Abdi, Ali","Face-to-Face","3","https://www.bkstr.com/webapp/wcs/stores/servlet/booklookServlet?bookstore_id-1=584&term_id-1=2024 Fall&crn-1=92532",""
"202490","ECE673","RANDOM SIGNAL ANALYSIS","851","92533","","TBA"," ","Open","30","2","","Online Virtual","3","https://www.bkstr.com/webapp/wcs/stores/servlet/booklookServlet?bookstore_id-1=584&term_id-1=2024 Fall&crn-1=92533","Restricted to Virtual Campus Students Only<br />Online Course"
"202490","ECE683","CLOUD IOT NETWORK & SECURITY","101","92534","R","6:00 PM - 8:50 PM","CULM LECT 3","Open","40","3","Khreishah, Abdallah","Face-to-Face","3","https://www.bkstr.com/webapp/wcs/stores/servlet/booklookServlet?bookstore_id-1=584&term_id-1=2024 Fall&crn-1=92534",""
"202490","ECE684","ADV MICROPROCESSOR SYSTEMS","101","92535","F","6:00 PM - 8:50 PM","CKB 313","Open","35","14","Walker-Soler, Jean","Face-to-Face","3","https://www.bkstr.com/webapp/wcs/stores/servlet/booklookServlet?bookstore_id-1=584&term_id-1=2024 Fall&crn-1=92535",""
"202490","ECE700B","MASTER'S PROJECT","230","92536","","TBA"," ","Open","19","0","Netto, Marcos","Face-to-Face","3","https://www.bkstr.com/webapp/wcs/stores/servlet/booklookServlet?bookstore_id-1=584&term_id-1=2024 Fall&crn-1=92536","See department for permission to enroll."
"202490","ECE700B","MASTER'S PROJECT","240","92537","","TBA"," ","Open","19","0","Akansu, Ali","Face-to-Face","3","https://www.bkstr.com/webapp/wcs/stores/servlet/booklookServlet?bookstore_id-1=584&term_id-1=2024 Fall&crn-1=92537","See department for permission to enroll."
"202490","ECE700B","MASTER'S PROJECT","241","92538","","TBA"," ","Open","19","0","Ansari, Nirwan","Face-to-Face","3","https://www.bkstr.com/webapp/wcs/stores/servlet/booklookServlet?bookstore_id-1=584&term_id-1=2024 Fall&crn-1=92538","See department for permission to enroll."
"202490","ECE700B","MASTER'S PROJECT","244","92539","","TBA"," ","Open","19","0","Kam, Moshe","Face-to-Face","3","https://www.bkstr.com/webapp/wcs/stores/servlet/booklookServlet?bookstore_id-1=584&term_id-1=2024 Fall&crn-1=92539","See department for permission to enroll."
"202490","ECE700B","MASTER'S PROJECT","245","92540","","TBA"," ","Open","19","0","Carpinelli, John","Face-to-Face","3","https://www.bkstr.com/webapp/wcs/stores/servlet/booklookServlet?bookstore_id-1=584&term_id-1=2024 Fall&crn-1=92540","See department for permission to enroll."
"202490","ECE700B","MASTER'S PROJECT","249","92541","","TBA"," ","Open","19","0","Angizi, Shaahin","Face-to-Face","3","https://www.bkstr.com/webapp/wcs/stores/servlet/booklookServlet?bookstore_id-1=584&term_id-1=2024 Fall&crn-1=92541","See department for permission to enroll."
"202490","ECE700B","MASTER'S PROJECT","250","92542","","TBA"," ","Open","19","0","Ko, Dong","Face-to-Face","3","https://www.bkstr.com/webapp/wcs/stores/servlet/booklookServlet?bookstore_id-1=584&term_id-1=2024 Fall&crn-1=92542","See department for permission to enroll."
"202490","ECE700B","MASTER'S PROJECT","251","92543","","TBA"," ","Open","19","0","Wang, Cong","Face-to-Face","3","https://www.bkstr.com/webapp/wcs/stores/servlet/booklookServlet?bookstore_id-1=584&term_id-1=2024 Fall&crn-1=92543","See department for permission to enroll."
"202490","ECE700B","MASTER'S PROJECT","253","92544","","TBA"," ","Open","19","0","Grebel, Haim","Face-to-Face","3","https://www.bkstr.com/webapp/wcs/stores/servlet/booklookServlet?bookstore_id-1=584&term_id-1=2024 Fall&crn-1=92544","See department for permission to enroll."
"202490","ECE700B","MASTER'S PROJECT","254","92545","","TBA"," ","Open","19","0","","Face-to-Face","3","https://www.bkstr.com/webapp/wcs/stores/servlet/booklookServlet?bookstore_id-1=584&term_id-1=2024 Fall&crn-1=92545","See department for permission to enroll."
"202490","ECE700B","MASTER'S PROJECT","255","92546","","TBA"," ","Open","19","0","Hubbi, Walid","Face-to-Face","3","https://www.bkstr.com/webapp/wcs/stores/servlet/booklookServlet?bookstore_id-1=584&term_id-1=2024 Fall&crn-1=92546","See department for permission to enroll."
"202490","ECE700B","MASTER'S PROJECT","256","92547","","TBA"," ","Open","19","0","Liu, Qing","Face-to-Face","3","https://www.bkstr.com/webapp/wcs/stores/servlet/booklookServlet?bookstore_id-1=584&term_id-1=2024 Fall&crn-1=92547","See department for permission to enroll."
"202490","ECE700B","MASTER'S PROJECT","261","92548","","TBA"," ","Open","19","0","Misra, Durgamadhab","Face-to-Face","3","https://www.bkstr.com/webapp/wcs/stores/servlet/booklookServlet?bookstore_id-1=584&term_id-1=2024 Fall&crn-1=92548","See department for permission to enroll."
"202490","ECE700B","MASTER'S PROJECT","267","92549","","TBA"," ","Open","19","0","","Face-to-Face","3","https://www.bkstr.com/webapp/wcs/stores/servlet/booklookServlet?bookstore_id-1=584&term_id-1=2024 Fall&crn-1=92549","See department for permission to enroll."
"202490","ECE700B","MASTER'S PROJECT","270","92550","","TBA"," ","Open","19","0","","Face-to-Face","3","https://www.bkstr.com/webapp/wcs/stores/servlet/booklookServlet?bookstore_id-1=584&term_id-1=2024 Fall&crn-1=92550","See department for permission to enroll."
"202490","ECE700B","MASTER'S PROJECT","275","92551","","TBA"," ","Open","19","0","","Face-to-Face","3","https://www.bkstr.com/webapp/wcs/stores/servlet/booklookServlet?bookstore_id-1=584&term_id-1=2024 Fall&crn-1=92551","See department for permission to enroll."
"202490","ECE700B","MASTER'S PROJECT","277","92552","","TBA"," ","Open","19","0","Zhou, Mengchu","Face-to-Face","3","https://www.bkstr.com/webapp/wcs/stores/servlet/booklookServlet?bookstore_id-1=584&term_id-1=2024 Fall&crn-1=92552","See department for permission to enroll."
"202490","ECE700B","MASTER'S PROJECT","280","92553","","TBA"," ","Open","19","0","Khreishah, Abdallah","Face-to-Face","3","https://www.bkstr.com/webapp/wcs/stores/servlet/booklookServlet?bookstore_id-1=584&term_id-1=2024 Fall&crn-1=92553","See department for permission to enroll."
"202490","ECE700B","MASTER'S PROJECT","282","92554","","TBA"," ","Open","19","0","Haimovich, Alexander","Face-to-Face","3","https://www.bkstr.com/webapp/wcs/stores/servlet/booklookServlet?bookstore_id-1=584&term_id-1=2024 Fall&crn-1=92554","See department for permission to enroll."
"202490","ECE700B","MASTER'S PROJECT","290","92555","","TBA"," ","Open","19","0","","Face-to-Face","3","https://www.bkstr.com/webapp/wcs/stores/servlet/booklookServlet?bookstore_id-1=584&term_id-1=2024 Fall&crn-1=92555","See department for permission to enroll."
"202490","ECE700B","MASTER'S PROJECT","291","92556","","TBA"," ","Open","19","0","","Face-to-Face","3","https://www.bkstr.com/webapp/wcs/stores/servlet/booklookServlet?bookstore_id-1=584&term_id-1=2024 Fall&crn-1=92556","See department for permission to enroll."
"202490","ECE700B","MASTER'S PROJECT","292","92557","","TBA"," ","Open","19","0","Liu, Xuan","Face-to-Face","3","https://www.bkstr.com/webapp/wcs/stores/servlet/booklookServlet?bookstore_id-1=584&term_id-1=2024 Fall&crn-1=92557","See department for permission to enroll."
"202490","ECE700B","MASTER'S PROJECT","296","92558","","TBA"," ","Open","19","0","Feknous, Mohammed","Face-to-Face","3","https://www.bkstr.com/webapp/wcs/stores/servlet/booklookServlet?bookstore_id-1=584&term_id-1=2024 Fall&crn-1=92558","See department for permission to enroll."
"202490","ECE700B","MASTER'S PROJECT","297","92559","","TBA"," ","Open","19","0","","Face-to-Face","3","https://www.bkstr.com/webapp/wcs/stores/servlet/booklookServlet?bookstore_id-1=584&term_id-1=2024 Fall&crn-1=92559","See department for permission to enroll."
"202490","ECE700B","MASTER'S PROJECT","298","92560","","TBA"," ","Open","19","0","Kliewer, Joerg","Face-to-Face","3","https://www.bkstr.com/webapp/wcs/stores/servlet/booklookServlet?bookstore_id-1=584&term_id-1=2024 Fall&crn-1=92560","See department for permission to enroll."
"202490","ECE700B","MASTER'S PROJECT","299","92561","","TBA"," ","Open","19","1","Pong, Wing Tat","Face-to-Face","3","https://www.bkstr.com/webapp/wcs/stores/servlet/booklookServlet?bookstore_id-1=584&term_id-1=2024 Fall&crn-1=92561","See department for permission to enroll."
"202490","ECE700B","MASTER'S PROJECT","305","92562","","TBA"," ","Open","19","0","Abdi, Ali","Face-to-Face","3","https://www.bkstr.com/webapp/wcs/stores/servlet/booklookServlet?bookstore_id-1=584&term_id-1=2024 Fall&crn-1=92562","See department for permission to enroll."
"202490","ECE700B","MASTER'S PROJECT","307","92563","","TBA"," ","Open","19","0","Tsybeskov, Leonid","Face-to-Face","3","https://www.bkstr.com/webapp/wcs/stores/servlet/booklookServlet?bookstore_id-1=584&term_id-1=2024 Fall&crn-1=92563","See department for permission to enroll."
"202490","ECE700B","MASTER'S PROJECT","308","92564","","TBA"," ","Open","19","0","Rojas-Cessa, Roberto","Face-to-Face","3","https://www.bkstr.com/webapp/wcs/stores/servlet/booklookServlet?bookstore_id-1=584&term_id-1=2024 Fall&crn-1=92564","See department for permission to enroll."
"202490","ECE700B","MASTER'S PROJECT","314","92565","","TBA"," ","Open","19","0","","Face-to-Face","3","https://www.bkstr.com/webapp/wcs/stores/servlet/booklookServlet?bookstore_id-1=584&term_id-1=2024 Fall&crn-1=92565","See department for permission to enroll."
"202490","ECE700B","MASTER'S PROJECT","315","92566","","TBA"," ","Open","19","0","Ghosh, Arnob","Face-to-Face","3","https://www.bkstr.com/webapp/wcs/stores/servlet/booklookServlet?bookstore_id-1=584&term_id-1=2024 Fall&crn-1=92566","See department for permission to enroll."
"202490","ECE700B","MASTER'S PROJECT","316","92567","","TBA"," ","Open","19","0","Taylor, Joshua","Face-to-Face","3","https://www.bkstr.com/webapp/wcs/stores/servlet/booklookServlet?bookstore_id-1=584&term_id-1=2024 Fall&crn-1=92567","See department for permission to enroll."
"202490","ECE700B","MASTER'S PROJECT","340","92568","","TBA"," ","Open","19","0","Abichandani, Pramod","Face-to-Face","3","https://www.bkstr.com/webapp/wcs/stores/servlet/booklookServlet?bookstore_id-1=584&term_id-1=2024 Fall&crn-1=92568","See department for permission to enroll."
"202490","ECE700B","MASTER'S PROJECT","353","92569","","TBA"," ","Open","19","0","Azizi, Seyyedmohsen","Face-to-Face","3","https://www.bkstr.com/webapp/wcs/stores/servlet/booklookServlet?bookstore_id-1=584&term_id-1=2024 Fall&crn-1=92569","See department for permission to enroll."
"202490","ECE700B","MASTER'S PROJECT","792","92570","","TBA"," ","Open","19","0","Li, Xiaobo","Face-to-Face","3","https://www.bkstr.com/webapp/wcs/stores/servlet/booklookServlet?bookstore_id-1=584&term_id-1=2024 Fall&crn-1=92570","See department for permission to enroll."
"202490","ECE701B","MASTER'S THESIS","230","92571","","TBA"," ","Open","19","0","Netto, Marcos","Face-to-Face","3","https://www.bkstr.com/webapp/wcs/stores/servlet/booklookServlet?bookstore_id-1=584&term_id-1=2024 Fall&crn-1=92571","See department for permission to enroll."
"202490","ECE701B","MASTER'S THESIS","240","92572","","TBA"," ","Open","19","0","Akansu, Ali","Face-to-Face","3","https://www.bkstr.com/webapp/wcs/stores/servlet/booklookServlet?bookstore_id-1=584&term_id-1=2024 Fall&crn-1=92572","See department for permission to enroll."
"202490","ECE701B","MASTER'S THESIS","241","92573","","TBA"," ","Open","19","0","Ansari, Nirwan","Face-to-Face","3","https://www.bkstr.com/webapp/wcs/stores/servlet/booklookServlet?bookstore_id-1=584&term_id-1=2024 Fall&crn-1=92573","See department for permission to enroll."
"202490","ECE701B","MASTER'S THESIS","244","92574","","TBA"," ","Open","19","0","Kam, Moshe","Face-to-Face","3","https://www.bkstr.com/webapp/wcs/stores/servlet/booklookServlet?bookstore_id-1=584&term_id-1=2024 Fall&crn-1=92574","See department for permission to enroll."
"202490","ECE701B","MASTER'S THESIS","245","92575","","TBA"," ","Open","19","0","","Face-to-Face","3","https://www.bkstr.com/webapp/wcs/stores/servlet/booklookServlet?bookstore_id-1=584&term_id-1=2024 Fall&crn-1=92575","See department for permission to enroll."
"202490","ECE701B","MASTER'S THESIS","249","92576","","TBA"," ","Open","19","0","Angizi, Shaahin","Face-to-Face","3","https://www.bkstr.com/webapp/wcs/stores/servlet/booklookServlet?bookstore_id-1=584&term_id-1=2024 Fall&crn-1=92576","See department for permission to enroll."
"202490","ECE701B","MASTER'S THESIS","250","92577","","TBA"," ","Open","19","0","Ko, Dong","Face-to-Face","3","https://www.bkstr.com/webapp/wcs/stores/servlet/booklookServlet?bookstore_id-1=584&term_id-1=2024 Fall&crn-1=92577","See department for permission to enroll."
"202490","ECE701B","MASTER'S THESIS","251","92578","","TBA"," ","Open","19","0","Wang, Cong","Face-to-Face","3","https://www.bkstr.com/webapp/wcs/stores/servlet/booklookServlet?bookstore_id-1=584&term_id-1=2024 Fall&crn-1=92578","See department for permission to enroll."
"202490","ECE701B","MASTER'S THESIS","253","92579","","TBA"," ","Open","19","0","","Face-to-Face","3","https://www.bkstr.com/webapp/wcs/stores/servlet/booklookServlet?bookstore_id-1=584&term_id-1=2024 Fall&crn-1=92579","See department for permission to enroll."
"202490","ECE701B","MASTER'S THESIS","254","92580","","TBA"," ","Open","19","0","","Face-to-Face","3","https://www.bkstr.com/webapp/wcs/stores/servlet/booklookServlet?bookstore_id-1=584&term_id-1=2024 Fall&crn-1=92580","See department for permission to enroll."
"202490","ECE701B","MASTER'S THESIS","255","92581","","TBA"," ","Open","19","0","","Face-to-Face","3","https://www.bkstr.com/webapp/wcs/stores/servlet/booklookServlet?bookstore_id-1=584&term_id-1=2024 Fall&crn-1=92581","See department for permission to enroll."
"202490","ECE701B","MASTER'S THESIS","256","92582","","TBA"," ","Open","19","0","Liu, Qing","Face-to-Face","3","https://www.bkstr.com/webapp/wcs/stores/servlet/booklookServlet?bookstore_id-1=584&term_id-1=2024 Fall&crn-1=92582","See department for permission to enroll."
"202490","ECE701B","MASTER'S THESIS","261","92583","","TBA"," ","Open","19","0","Misra, Durgamadhab","Face-to-Face","3","https://www.bkstr.com/webapp/wcs/stores/servlet/booklookServlet?bookstore_id-1=584&term_id-1=2024 Fall&crn-1=92583","See department for permission to enroll."
"202490","ECE701B","MASTER'S THESIS","270","92584","","TBA"," ","Open","19","0","","Face-to-Face","3","https://www.bkstr.com/webapp/wcs/stores/servlet/booklookServlet?bookstore_id-1=584&term_id-1=2024 Fall&crn-1=92584","See department for permission to enroll."
"202490","ECE701B","MASTER'S THESIS","275","92585","","TBA"," ","Open","19","0","","Face-to-Face","3","https://www.bkstr.com/webapp/wcs/stores/servlet/booklookServlet?bookstore_id-1=584&term_id-1=2024 Fall&crn-1=92585","See department for permission to enroll."
"202490","ECE701B","MASTER'S THESIS","277","92586","","TBA"," ","Open","19","0","","Face-to-Face","3","https://www.bkstr.com/webapp/wcs/stores/servlet/booklookServlet?bookstore_id-1=584&term_id-1=2024 Fall&crn-1=92586","See department for permission to enroll."
"202490","ECE701B","MASTER'S THESIS","278","92587","","TBA"," ","Open","19","0","","Face-to-Face","3","https://www.bkstr.com/webapp/wcs/stores/servlet/booklookServlet?bookstore_id-1=584&term_id-1=2024 Fall&crn-1=92587","See department for permission to enroll."
"202490","ECE701B","MASTER'S THESIS","280","92588","","TBA"," ","Open","19","0","Khreishah, Abdallah","Face-to-Face","3","https://www.bkstr.com/webapp/wcs/stores/servlet/booklookServlet?bookstore_id-1=584&term_id-1=2024 Fall&crn-1=92588","See department for permission to enroll."
"202490","ECE701B","MASTER'S THESIS","282","92589","","TBA"," ","Open","19","0","","Face-to-Face","3","https://www.bkstr.com/webapp/wcs/stores/servlet/booklookServlet?bookstore_id-1=584&term_id-1=2024 Fall&crn-1=92589","See department for permission to enroll."
"202490","ECE701B","MASTER'S THESIS","290","92590","","TBA"," ","Open","19","0","","Face-to-Face","3","https://www.bkstr.com/webapp/wcs/stores/servlet/booklookServlet?bookstore_id-1=584&term_id-1=2024 Fall&crn-1=92590","See department for permission to enroll."
"202490","ECE701B","MASTER'S THESIS","291","92591","","TBA"," ","Open","19","0","","Face-to-Face","3","https://www.bkstr.com/webapp/wcs/stores/servlet/booklookServlet?bookstore_id-1=584&term_id-1=2024 Fall&crn-1=92591","See department for permission to enroll."
"202490","ECE701B","MASTER'S THESIS","292","92592","","TBA"," ","Open","19","0","Liu, Xuan","Face-to-Face","3","https://www.bkstr.com/webapp/wcs/stores/servlet/booklookServlet?bookstore_id-1=584&term_id-1=2024 Fall&crn-1=92592","See department for permission to enroll."
"202490","ECE701B","MASTER'S THESIS","296","92593","","TBA"," ","Open","19","0","Feknous, Mohammed","Face-to-Face","3","https://www.bkstr.com/webapp/wcs/stores/servlet/booklookServlet?bookstore_id-1=584&term_id-1=2024 Fall&crn-1=92593","See department for permission to enroll."
"202490","ECE701B","MASTER'S THESIS","297","92594","","TBA"," ","Open","19","0","","Face-to-Face","3","https://www.bkstr.com/webapp/wcs/stores/servlet/booklookServlet?bookstore_id-1=584&term_id-1=2024 Fall&crn-1=92594","See department for permission to enroll."
"202490","ECE701B","MASTER'S THESIS","298","92595","","TBA"," ","Open","19","0","Kliewer, Joerg","Face-to-Face","3","https://www.bkstr.com/webapp/wcs/stores/servlet/booklookServlet?bookstore_id-1=584&term_id-1=2024 Fall&crn-1=92595","See department for permission to enroll."
"202490","ECE701B","MASTER'S THESIS","299","92596","","TBA"," ","Open","19","0","Pong, Wing Tat","Face-to-Face","3","https://www.bkstr.com/webapp/wcs/stores/servlet/booklookServlet?bookstore_id-1=584&term_id-1=2024 Fall&crn-1=92596","See department for permission to enroll."
"202490","ECE701B","MASTER'S THESIS","305","92597","","TBA"," ","Open","19","0","","Face-to-Face","3","https://www.bkstr.com/webapp/wcs/stores/servlet/booklookServlet?bookstore_id-1=584&term_id-1=2024 Fall&crn-1=92597","See department for permission to enroll."
"202490","ECE701B","MASTER'S THESIS","307","92598","","TBA"," ","Open","19","0","","Face-to-Face","3","https://www.bkstr.com/webapp/wcs/stores/servlet/booklookServlet?bookstore_id-1=584&term_id-1=2024 Fall&crn-1=92598","See department for permission to enroll."
"202490","ECE701B","MASTER'S THESIS","308","92599","","TBA"," ","Open","19","0","Rojas-Cessa, Roberto","Face-to-Face","3","https://www.bkstr.com/webapp/wcs/stores/servlet/booklookServlet?bookstore_id-1=584&term_id-1=2024 Fall&crn-1=92599","See department for permission to enroll."
"202490","ECE701B","MASTER'S THESIS","314","92600","","TBA"," ","Open","19","0","","Face-to-Face","3","https://www.bkstr.com/webapp/wcs/stores/servlet/booklookServlet?bookstore_id-1=584&term_id-1=2024 Fall&crn-1=92600","See department for permission to enroll."
"202490","ECE701B","MASTER'S THESIS","315","92601","","TBA"," ","Open","19","0","Ghosh, Arnob","Face-to-Face","3","https://www.bkstr.com/webapp/wcs/stores/servlet/booklookServlet?bookstore_id-1=584&term_id-1=2024 Fall&crn-1=92601","See department for permission to enroll."
"202490","ECE701B","MASTER'S THESIS","316","92602","","TBA"," ","Open","19","0","Taylor, Joshua","Face-to-Face","3","https://www.bkstr.com/webapp/wcs/stores/servlet/booklookServlet?bookstore_id-1=584&term_id-1=2024 Fall&crn-1=92602","See department for permission to enroll."
"202490","ECE701B","MASTER'S THESIS","340","92603","","TBA"," ","Open","19","0","","Face-to-Face","3","https://www.bkstr.com/webapp/wcs/stores/servlet/booklookServlet?bookstore_id-1=584&term_id-1=2024 Fall&crn-1=92603","See department for permission to enroll."
"202490","ECE701B","MASTER'S THESIS","353","92604","","TBA"," ","Open","19","0","Azizi, Seyyedmohsen","Face-to-Face","3","https://www.bkstr.com/webapp/wcs/stores/servlet/booklookServlet?bookstore_id-1=584&term_id-1=2024 Fall&crn-1=92604","See department for permission to enroll."
"202490","ECE701B","MASTER'S THESIS","792","92605","","TBA"," ","Open","19","0","Li, Xiaobo","Face-to-Face","3","https://www.bkstr.com/webapp/wcs/stores/servlet/booklookServlet?bookstore_id-1=584&term_id-1=2024 Fall&crn-1=92605","See department for permission to enroll."
"202490","ECE701C","MASTER'S THESIS","241","92606","","TBA"," ","Open","19","0","","Face-to-Face","6","https://www.bkstr.com/webapp/wcs/stores/servlet/booklookServlet?bookstore_id-1=584&term_id-1=2024 Fall&crn-1=92606","See department for permission to enroll."
"202490","ECE701C","MASTER'S THESIS","253","92607","","TBA"," ","Open","19","0","","Face-to-Face","6","https://www.bkstr.com/webapp/wcs/stores/servlet/booklookServlet?bookstore_id-1=584&term_id-1=2024 Fall&crn-1=92607","See department for permission to enroll."
"202490","ECE701C","MASTER'S THESIS","255","92608","","TBA"," ","Open","19","0","","Face-to-Face","6","https://www.bkstr.com/webapp/wcs/stores/servlet/booklookServlet?bookstore_id-1=584&term_id-1=2024 Fall&crn-1=92608","See department for permission to enroll."
"202490","ECE701C","MASTER'S THESIS","262","92609","","TBA"," ","Open","19","0","","Face-to-Face","6","https://www.bkstr.com/webapp/wcs/stores/servlet/booklookServlet?bookstore_id-1=584&term_id-1=2024 Fall&crn-1=92609","See department for permission to enroll."
"202490","ECE701C","MASTER'S THESIS","270","92610","","TBA"," ","Open","19","0","","Face-to-Face","6","https://www.bkstr.com/webapp/wcs/stores/servlet/booklookServlet?bookstore_id-1=584&term_id-1=2024 Fall&crn-1=92610","See department for permission to enroll."
"202490","ECE701C","MASTER'S THESIS","278","92611","","TBA"," ","Open","19","0","","Face-to-Face","6","https://www.bkstr.com/webapp/wcs/stores/servlet/booklookServlet?bookstore_id-1=584&term_id-1=2024 Fall&crn-1=92611","See department for permission to enroll."
"202490","ECE701C","MASTER'S THESIS","295","92612","","TBA"," ","Open","19","0","","Face-to-Face","6","https://www.bkstr.com/webapp/wcs/stores/servlet/booklookServlet?bookstore_id-1=584&term_id-1=2024 Fall&crn-1=92612","See department for permission to enroll."
"202490","ECE701C","MASTER'S THESIS","305","92613","","TBA"," ","Open","19","0","","Face-to-Face","6","https://www.bkstr.com/webapp/wcs/stores/servlet/booklookServlet?bookstore_id-1=584&term_id-1=2024 Fall&crn-1=92613","See department for permission to enroll."
"202490","ECE701C","MASTER'S THESIS","340","92614","","TBA"," ","Open","19","0","","Face-to-Face","6","https://www.bkstr.com/webapp/wcs/stores/servlet/booklookServlet?bookstore_id-1=584&term_id-1=2024 Fall&crn-1=92614","See department for permission to enroll."
"202490","ECE701C","MASTER'S THESIS","792","92615","","TBA"," ","Open","19","0","","Face-to-Face","6","https://www.bkstr.com/webapp/wcs/stores/servlet/booklookServlet?bookstore_id-1=584&term_id-1=2024 Fall&crn-1=92615","See department for permission to enroll."
"202490","ECE725","INDEPENDENT STUDY I","230","92616","","TBA"," ","Open","19","1","Netto, Marcos","Face-to-Face","3","https://www.bkstr.com/webapp/wcs/stores/servlet/booklookServlet?bookstore_id-1=584&term_id-1=2024 Fall&crn-1=92616","See department for permission to enroll."
"202490","ECE725","INDEPENDENT STUDY I","240","92617","","TBA"," ","Open","19","0","Akansu, Ali","Face-to-Face","3","https://www.bkstr.com/webapp/wcs/stores/servlet/booklookServlet?bookstore_id-1=584&term_id-1=2024 Fall&crn-1=92617","See department for permission to enroll."
"202490","ECE725","INDEPENDENT STUDY I","241","92618","","TBA"," ","Open","19","0","Ansari, Nirwan","Face-to-Face","3","https://www.bkstr.com/webapp/wcs/stores/servlet/booklookServlet?bookstore_id-1=584&term_id-1=2024 Fall&crn-1=92618","See department for permission to enroll."
"202490","ECE725","INDEPENDENT STUDY I","243","92619","","TBA"," ","Open","19","0","Nguyen, Hieu","Face-to-Face","3","https://www.bkstr.com/webapp/wcs/stores/servlet/booklookServlet?bookstore_id-1=584&term_id-1=2024 Fall&crn-1=92619","See department for permission to enroll."
"202490","ECE725","INDEPENDENT STUDY I","244","92620","","TBA"," ","Open","19","0","Kam, Moshe","Face-to-Face","3","https://www.bkstr.com/webapp/wcs/stores/servlet/booklookServlet?bookstore_id-1=584&term_id-1=2024 Fall&crn-1=92620","See department for permission to enroll."
"202490","ECE725","INDEPENDENT STUDY I","245","92621","","TBA"," ","Open","19","0","Carpinelli, John","Face-to-Face","3","https://www.bkstr.com/webapp/wcs/stores/servlet/booklookServlet?bookstore_id-1=584&term_id-1=2024 Fall&crn-1=92621","See department for permission to enroll."
"202490","ECE725","INDEPENDENT STUDY I","250","92622","","TBA"," ","Open","19","0","Ko, Dong","Face-to-Face","3","https://www.bkstr.com/webapp/wcs/stores/servlet/booklookServlet?bookstore_id-1=584&term_id-1=2024 Fall&crn-1=92622","See department for permission to enroll."
"202490","ECE725","INDEPENDENT STUDY I","251","92623","","TBA"," ","Open","19","0","Wang, Cong","Face-to-Face","3","https://www.bkstr.com/webapp/wcs/stores/servlet/booklookServlet?bookstore_id-1=584&term_id-1=2024 Fall&crn-1=92623","See department for permission to enroll."
"202490","ECE725","INDEPENDENT STUDY I","252","92624","","TBA"," ","Open","19","0","Friedland, Bernard","Face-to-Face","3","https://www.bkstr.com/webapp/wcs/stores/servlet/booklookServlet?bookstore_id-1=584&term_id-1=2024 Fall&crn-1=92624","See department for permission to enroll."
"202490","ECE725","INDEPENDENT STUDY I","253","92625","","TBA"," ","Open","19","0","Grebel, Haim","Face-to-Face","3","https://www.bkstr.com/webapp/wcs/stores/servlet/booklookServlet?bookstore_id-1=584&term_id-1=2024 Fall&crn-1=92625","See department for permission to enroll."
"202490","ECE725","INDEPENDENT STUDY I","254","92626","","TBA"," ","Open","19","0","","Face-to-Face","3","https://www.bkstr.com/webapp/wcs/stores/servlet/booklookServlet?bookstore_id-1=584&term_id-1=2024 Fall&crn-1=92626","See department for permission to enroll."
"202490","ECE725","INDEPENDENT STUDY I","255","92627","","TBA"," ","Open","19","0","Hubbi, Walid","Face-to-Face","3","https://www.bkstr.com/webapp/wcs/stores/servlet/booklookServlet?bookstore_id-1=584&term_id-1=2024 Fall&crn-1=92627","See department for permission to enroll."
"202490","ECE725","INDEPENDENT STUDY I","256","92628","","TBA"," ","Open","19","0","Liu, Qing","Face-to-Face","3","https://www.bkstr.com/webapp/wcs/stores/servlet/booklookServlet?bookstore_id-1=584&term_id-1=2024 Fall&crn-1=92628","See department for permission to enroll."
"202490","ECE725","INDEPENDENT STUDY I","261","92629","","TBA"," ","Open","19","0","Misra, Durgamadhab","Face-to-Face","3","https://www.bkstr.com/webapp/wcs/stores/servlet/booklookServlet?bookstore_id-1=584&term_id-1=2024 Fall&crn-1=92629","See department for permission to enroll."
"202490","ECE725","INDEPENDENT STUDY I","267","92630","","TBA"," ","Open","19","0","Misra, Durgamadhab","Face-to-Face","3","https://www.bkstr.com/webapp/wcs/stores/servlet/booklookServlet?bookstore_id-1=584&term_id-1=2024 Fall&crn-1=92630","See department for permission to enroll."
"202490","ECE725","INDEPENDENT STUDY I","270","92631","","TBA"," ","Open","19","0","","Face-to-Face","3","https://www.bkstr.com/webapp/wcs/stores/servlet/booklookServlet?bookstore_id-1=584&term_id-1=2024 Fall&crn-1=92631","See department for permission to enroll."
"202490","ECE725","INDEPENDENT STUDY I","275","92632","","TBA"," ","Open","19","0","","Face-to-Face","3","https://www.bkstr.com/webapp/wcs/stores/servlet/booklookServlet?bookstore_id-1=584&term_id-1=2024 Fall&crn-1=92632","See department for permission to enroll."
"202490","ECE725","INDEPENDENT STUDY I","277","92633","","TBA"," ","Open","19","0","Zhou, Mengchu","Face-to-Face","3","https://www.bkstr.com/webapp/wcs/stores/servlet/booklookServlet?bookstore_id-1=584&term_id-1=2024 Fall&crn-1=92633","See department for permission to enroll."
"202490","ECE725","INDEPENDENT STUDY I","280","92634","","TBA"," ","Open","19","1","Khreishah, Abdallah","Face-to-Face","3","https://www.bkstr.com/webapp/wcs/stores/servlet/booklookServlet?bookstore_id-1=584&term_id-1=2024 Fall&crn-1=92634","See department for permission to enroll."
"202490","ECE725","INDEPENDENT STUDY I","282","92635","","TBA"," ","Open","19","0","Haimovich, Alexander","Face-to-Face","3","https://www.bkstr.com/webapp/wcs/stores/servlet/booklookServlet?bookstore_id-1=584&term_id-1=2024 Fall&crn-1=92635","See department for permission to enroll."
"202490","ECE725","INDEPENDENT STUDY I","290","92636","","TBA"," ","Open","19","0","Ge, Hongya","Face-to-Face","3","https://www.bkstr.com/webapp/wcs/stores/servlet/booklookServlet?bookstore_id-1=584&term_id-1=2024 Fall&crn-1=92636","See department for permission to enroll."
"202490","ECE725","INDEPENDENT STUDY I","291","92637","","TBA"," ","Open","19","0","","Face-to-Face","3","https://www.bkstr.com/webapp/wcs/stores/servlet/booklookServlet?bookstore_id-1=584&term_id-1=2024 Fall&crn-1=92637","See department for permission to enroll."
"202490","ECE725","INDEPENDENT STUDY I","292","92638","","TBA"," ","Open","19","0","Liu, Xuan","Face-to-Face","3","https://www.bkstr.com/webapp/wcs/stores/servlet/booklookServlet?bookstore_id-1=584&term_id-1=2024 Fall&crn-1=92638","See department for permission to enroll."
"202490","ECE725","INDEPENDENT STUDY I","296","92639","","TBA"," ","Open","19","0","Feknous, Mohammed","Face-to-Face","3","https://www.bkstr.com/webapp/wcs/stores/servlet/booklookServlet?bookstore_id-1=584&term_id-1=2024 Fall&crn-1=92639","See department for permission to enroll."
"202490","ECE725","INDEPENDENT STUDY I","298","92640","","TBA"," ","Open","19","0","Kliewer, Joerg","Face-to-Face","3","https://www.bkstr.com/webapp/wcs/stores/servlet/booklookServlet?bookstore_id-1=584&term_id-1=2024 Fall&crn-1=92640","See department for permission to enroll."
"202490","ECE725","INDEPENDENT STUDY I","299","92641","","TBA"," ","Open","19","0","Pong, Wing Tat","Face-to-Face","3","https://www.bkstr.com/webapp/wcs/stores/servlet/booklookServlet?bookstore_id-1=584&term_id-1=2024 Fall&crn-1=92641","See department for permission to enroll."
"202490","ECE725","INDEPENDENT STUDY I","305","92642","","TBA"," ","Open","19","0","Abdi, Ali","Face-to-Face","3","https://www.bkstr.com/webapp/wcs/stores/servlet/booklookServlet?bookstore_id-1=584&term_id-1=2024 Fall&crn-1=92642","See department for permission to enroll."
"202490","ECE725","INDEPENDENT STUDY I","307","92643","","TBA"," ","Open","19","0","Tsybeskov, Leonid","Face-to-Face","3","https://www.bkstr.com/webapp/wcs/stores/servlet/booklookServlet?bookstore_id-1=584&term_id-1=2024 Fall&crn-1=92643","See department for permission to enroll."
"202490","ECE725","INDEPENDENT STUDY I","308","92644","","TBA"," ","Open","19","0","Rojas-Cessa, Roberto","Face-to-Face","3","https://www.bkstr.com/webapp/wcs/stores/servlet/booklookServlet?bookstore_id-1=584&term_id-1=2024 Fall&crn-1=92644","See department for permission to enroll."
"202490","ECE725","INDEPENDENT STUDY I","314","92645","","TBA"," ","Open","19","0","","Face-to-Face","3","https://www.bkstr.com/webapp/wcs/stores/servlet/booklookServlet?bookstore_id-1=584&term_id-1=2024 Fall&crn-1=92645","See department for permission to enroll."
"202490","ECE725","INDEPENDENT STUDY I","315","92646","","TBA"," ","Open","19","0","Ghosh, Arnob","Face-to-Face","3","https://www.bkstr.com/webapp/wcs/stores/servlet/booklookServlet?bookstore_id-1=584&term_id-1=2024 Fall&crn-1=92646","See department for permission to enroll."
"202490","ECE725","INDEPENDENT STUDY I","316","92647","","TBA"," ","Open","19","0","Taylor, Joshua","Face-to-Face","3","https://www.bkstr.com/webapp/wcs/stores/servlet/booklookServlet?bookstore_id-1=584&term_id-1=2024 Fall&crn-1=92647","See department for permission to enroll."
"202490","ECE725","INDEPENDENT STUDY I","340","92648","","TBA"," ","Open","19","0","Abichandani, Pramod","Face-to-Face","3","https://www.bkstr.com/webapp/wcs/stores/servlet/booklookServlet?bookstore_id-1=584&term_id-1=2024 Fall&crn-1=92648","See department for permission to enroll."
"202490","ECE725","INDEPENDENT STUDY I","353","92649","","TBA"," ","Open","19","0","Azizi, Seyyedmohsen","Face-to-Face","3","https://www.bkstr.com/webapp/wcs/stores/servlet/booklookServlet?bookstore_id-1=584&term_id-1=2024 Fall&crn-1=92649","See department for permission to enroll."
"202490","ECE725","INDEPENDENT STUDY I","792","92650","","TBA"," ","Open","19","0","Li, Xiaobo","Face-to-Face","3","https://www.bkstr.com/webapp/wcs/stores/servlet/booklookServlet?bookstore_id-1=584&term_id-1=2024 Fall&crn-1=92650","See department for permission to enroll."
"202490","ECE726","INDEPENDENT STUDY II","240","92651","","TBA"," ","Open","19","0","","Face-to-Face","3","https://www.bkstr.com/webapp/wcs/stores/servlet/booklookServlet?bookstore_id-1=584&term_id-1=2024 Fall&crn-1=92651","See department for permission to enroll."
"202490","ECE726","INDEPENDENT STUDY II","241","92652","","TBA"," ","Open","19","0","Ansari, Nirwan","Face-to-Face","3","https://www.bkstr.com/webapp/wcs/stores/servlet/booklookServlet?bookstore_id-1=584&term_id-1=2024 Fall&crn-1=92652","See department for permission to enroll."
"202490","ECE726","INDEPENDENT STUDY II","243","92653","","TBA"," ","Open","19","0","","Face-to-Face","3","https://www.bkstr.com/webapp/wcs/stores/servlet/booklookServlet?bookstore_id-1=584&term_id-1=2024 Fall&crn-1=92653","See department for permission to enroll."
"202490","ECE726","INDEPENDENT STUDY II","245","92654","","TBA"," ","Open","19","0","","Face-to-Face","3","https://www.bkstr.com/webapp/wcs/stores/servlet/booklookServlet?bookstore_id-1=584&term_id-1=2024 Fall&crn-1=92654","See department for permission to enroll."
"202490","ECE726","INDEPENDENT STUDY II","251","96349","","TBA"," ","Open","19","1","Wang, Cong","Face-to-Face","3","https://www.bkstr.com/webapp/wcs/stores/servlet/booklookServlet?bookstore_id-1=584&term_id-1=2024 Fall&crn-1=96349","See department for permission to enroll."
"202490","ECE726","INDEPENDENT STUDY II","253","92655","","TBA"," ","Open","19","0","","Face-to-Face","3","https://www.bkstr.com/webapp/wcs/stores/servlet/booklookServlet?bookstore_id-1=584&term_id-1=2024 Fall&crn-1=92655","See department for permission to enroll."
"202490","ECE726","INDEPENDENT STUDY II","254","92656","","TBA"," ","Open","19","0","","Face-to-Face","3","https://www.bkstr.com/webapp/wcs/stores/servlet/booklookServlet?bookstore_id-1=584&term_id-1=2024 Fall&crn-1=92656","See department for permission to enroll."
"202490","ECE726","INDEPENDENT STUDY II","261","92657","","TBA"," ","Open","19","0","","Face-to-Face","3","https://www.bkstr.com/webapp/wcs/stores/servlet/booklookServlet?bookstore_id-1=584&term_id-1=2024 Fall&crn-1=92657","See department for permission to enroll."
"202490","ECE726","INDEPENDENT STUDY II","262","92658","","TBA"," ","Open","19","0","","Face-to-Face","3","https://www.bkstr.com/webapp/wcs/stores/servlet/booklookServlet?bookstore_id-1=584&term_id-1=2024 Fall&crn-1=92658","See department for permission to enroll."
"202490","ECE726","INDEPENDENT STUDY II","267","92659","","TBA"," ","Open","19","0","","Face-to-Face","3","https://www.bkstr.com/webapp/wcs/stores/servlet/booklookServlet?bookstore_id-1=584&term_id-1=2024 Fall&crn-1=92659","See department for permission to enroll."
"202490","ECE726","INDEPENDENT STUDY II","275","92660","","TBA"," ","Open","19","0","","Face-to-Face","3","https://www.bkstr.com/webapp/wcs/stores/servlet/booklookServlet?bookstore_id-1=584&term_id-1=2024 Fall&crn-1=92660","See department for permission to enroll."
"202490","ECE726","INDEPENDENT STUDY II","277","92661","","TBA"," ","Open","19","1","Zhou, Mengchu","Face-to-Face","3","https://www.bkstr.com/webapp/wcs/stores/servlet/booklookServlet?bookstore_id-1=584&term_id-1=2024 Fall&crn-1=92661","See department for permission to enroll."
"202490","ECE726","INDEPENDENT STUDY II","278","92662","","TBA"," ","Open","19","0","","Face-to-Face","3","https://www.bkstr.com/webapp/wcs/stores/servlet/booklookServlet?bookstore_id-1=584&term_id-1=2024 Fall&crn-1=92662","See department for permission to enroll."
"202490","ECE726","INDEPENDENT STUDY II","298","96350","","TBA"," ","Open","19","0","Kliewer, Joerg","Face-to-Face","3","https://www.bkstr.com/webapp/wcs/stores/servlet/booklookServlet?bookstore_id-1=584&term_id-1=2024 Fall&crn-1=96350","See department for permission to enroll."
"202490","ECE726","INDEPENDENT STUDY II","299","96351","","TBA"," ","Open","19","1","Pong, Wing Tat","Face-to-Face","3","https://www.bkstr.com/webapp/wcs/stores/servlet/booklookServlet?bookstore_id-1=584&term_id-1=2024 Fall&crn-1=96351",""
"202490","ECE726","INDEPENDENT STUDY II","307","92663","","TBA"," ","Open","19","0","","Face-to-Face","3","https://www.bkstr.com/webapp/wcs/stores/servlet/booklookServlet?bookstore_id-1=584&term_id-1=2024 Fall&crn-1=92663","See department for permission to enroll."
"202490","ECE726","INDEPENDENT STUDY II","308","92664","","TBA"," ","Open","19","0","Rojas-Cessa, Roberto","Face-to-Face","3","https://www.bkstr.com/webapp/wcs/stores/servlet/booklookServlet?bookstore_id-1=584&term_id-1=2024 Fall&crn-1=92664","See department for permission to enroll."
"202490","ECE726","INDEPENDENT STUDY II","314","92665","","TBA"," ","Open","19","2","Han, Tao","Face-to-Face","3","https://www.bkstr.com/webapp/wcs/stores/servlet/booklookServlet?bookstore_id-1=584&term_id-1=2024 Fall&crn-1=92665","See department for permission to enroll."
"202490","ECE788","ST: COMPUTATIONAL INTELLIGENCE","101","92666","F","6:00 PM - 8:50 PM"," ","Cancelled","30","0","","Face-to-Face","3","https://www.bkstr.com/webapp/wcs/stores/servlet/booklookServlet?bookstore_id-1=584&term_id-1=2024 Fall&crn-1=92666","Cancelled 04/17/24"
"202490","ECE788","ST: COMPUTATIONAL INTELLIGENCE","103","96382","R","6:00 PM - 8:50 PM","FMH 307","Open","30","5","","Face-to-Face","3","https://www.bkstr.com/webapp/wcs/stores/servlet/booklookServlet?bookstore_id-1=584&term_id-1=2024 Fall&crn-1=96382",""
"202490","ECE790A","DOCTRL DISSRTN & RESEARCH","230","92667","","TBA"," ","Open","19","0","Netto, Marcos","Face-to-Face","1","https://www.bkstr.com/webapp/wcs/stores/servlet/booklookServlet?bookstore_id-1=584&term_id-1=2024 Fall&crn-1=92667","See department for permission to enroll."
"202490","ECE790A","DOCTRL DISSRTN & RESEARCH","240","92668","","TBA"," ","Open","19","0","Akansu, Ali","Face-to-Face","1","https://www.bkstr.com/webapp/wcs/stores/servlet/booklookServlet?bookstore_id-1=584&term_id-1=2024 Fall&crn-1=92668","See department for permission to enroll."
"202490","ECE790A","DOCTRL DISSRTN & RESEARCH","241","92669","","TBA"," ","Open","19","1","Ansari, Nirwan","Face-to-Face","1","https://www.bkstr.com/webapp/wcs/stores/servlet/booklookServlet?bookstore_id-1=584&term_id-1=2024 Fall&crn-1=92669","See department for permission to enroll."
"202490","ECE790A","DOCTRL DISSRTN & RESEARCH","243","92670","","TBA"," ","Open","19","0","","Face-to-Face","1","https://www.bkstr.com/webapp/wcs/stores/servlet/booklookServlet?bookstore_id-1=584&term_id-1=2024 Fall&crn-1=92670","See department for permission to enroll."
"202490","ECE790A","DOCTRL DISSRTN & RESEARCH","244","92671","","TBA"," ","Open","19","0","","Face-to-Face","1","https://www.bkstr.com/webapp/wcs/stores/servlet/booklookServlet?bookstore_id-1=584&term_id-1=2024 Fall&crn-1=92671","See department for permission to enroll."
"202490","ECE790A","DOCTRL DISSRTN & RESEARCH","245","92672","","TBA"," ","Open","19","0","","Face-to-Face","1","https://www.bkstr.com/webapp/wcs/stores/servlet/booklookServlet?bookstore_id-1=584&term_id-1=2024 Fall&crn-1=92672","See department for permission to enroll."
"202490","ECE790A","DOCTRL DISSRTN & RESEARCH","250","92673","","TBA"," ","Open","19","1","Ko, Dong","Face-to-Face","1","https://www.bkstr.com/webapp/wcs/stores/servlet/booklookServlet?bookstore_id-1=584&term_id-1=2024 Fall&crn-1=92673","See department for permission to enroll."
"202490","ECE790A","DOCTRL DISSRTN & RESEARCH","251","92674","","TBA"," ","Open","19","0","","Face-to-Face","1","https://www.bkstr.com/webapp/wcs/stores/servlet/booklookServlet?bookstore_id-1=584&term_id-1=2024 Fall&crn-1=92674","See department for permission to enroll."
"202490","ECE790A","DOCTRL DISSRTN & RESEARCH","252","92675","","TBA"," ","Open","19","0","","Face-to-Face","1","https://www.bkstr.com/webapp/wcs/stores/servlet/booklookServlet?bookstore_id-1=584&term_id-1=2024 Fall&crn-1=92675","See department for permission to enroll."
"202490","ECE790A","DOCTRL DISSRTN & RESEARCH","253","92676","","TBA"," ","Open","19","0","","Face-to-Face","1","https://www.bkstr.com/webapp/wcs/stores/servlet/booklookServlet?bookstore_id-1=584&term_id-1=2024 Fall&crn-1=92676","See department for permission to enroll."
"202490","ECE790A","DOCTRL DISSRTN & RESEARCH","254","92677","","TBA"," ","Open","19","0","","Face-to-Face","1","https://www.bkstr.com/webapp/wcs/stores/servlet/booklookServlet?bookstore_id-1=584&term_id-1=2024 Fall&crn-1=92677","See department for permission to enroll."
"202490","ECE790A","DOCTRL DISSRTN & RESEARCH","255","92678","","TBA"," ","Open","19","0","","Face-to-Face","1","https://www.bkstr.com/webapp/wcs/stores/servlet/booklookServlet?bookstore_id-1=584&term_id-1=2024 Fall&crn-1=92678","See department for permission to enroll."
"202490","ECE790A","DOCTRL DISSRTN & RESEARCH","256","92679","","TBA"," ","Open","19","0","","Face-to-Face","1","https://www.bkstr.com/webapp/wcs/stores/servlet/booklookServlet?bookstore_id-1=584&term_id-1=2024 Fall&crn-1=92679","See department for permission to enroll."
"202490","ECE790A","DOCTRL DISSRTN & RESEARCH","261","92680","","TBA"," ","Open","19","0","","Face-to-Face","1","https://www.bkstr.com/webapp/wcs/stores/servlet/booklookServlet?bookstore_id-1=584&term_id-1=2024 Fall&crn-1=92680","See department for permission to enroll."
"202490","ECE790A","DOCTRL DISSRTN & RESEARCH","267","92681","","TBA"," ","Open","19","0","Shi, Yun-Qing","Face-to-Face","1","https://www.bkstr.com/webapp/wcs/stores/servlet/booklookServlet?bookstore_id-1=584&term_id-1=2024 Fall&crn-1=92681","See department for permission to enroll."
"202490","ECE790A","DOCTRL DISSRTN & RESEARCH","269","92682","","TBA"," ","Open","19","0","","Face-to-Face","1","https://www.bkstr.com/webapp/wcs/stores/servlet/booklookServlet?bookstore_id-1=584&term_id-1=2024 Fall&crn-1=92682","See department for permission to enroll."
"202490","ECE790A","DOCTRL DISSRTN & RESEARCH","270","92683","","TBA"," ","Open","19","0","","Face-to-Face","1","https://www.bkstr.com/webapp/wcs/stores/servlet/booklookServlet?bookstore_id-1=584&term_id-1=2024 Fall&crn-1=92683","See department for permission to enroll."
"202490","ECE790A","DOCTRL DISSRTN & RESEARCH","275","92684","","TBA"," ","Open","19","0","","Face-to-Face","1","https://www.bkstr.com/webapp/wcs/stores/servlet/booklookServlet?bookstore_id-1=584&term_id-1=2024 Fall&crn-1=92684","See department for permission to enroll."
"202490","ECE790A","DOCTRL DISSRTN & RESEARCH","277","92685","","TBA"," ","Open","19","1","Zhou, Mengchu","Face-to-Face","1","https://www.bkstr.com/webapp/wcs/stores/servlet/booklookServlet?bookstore_id-1=584&term_id-1=2024 Fall&crn-1=92685","See department for permission to enroll."
"202490","ECE790A","DOCTRL DISSRTN & RESEARCH","278","92686","","TBA"," ","Open","19","0","","Face-to-Face","1","https://www.bkstr.com/webapp/wcs/stores/servlet/booklookServlet?bookstore_id-1=584&term_id-1=2024 Fall&crn-1=92686","See department for permission to enroll."
"202490","ECE790A","DOCTRL DISSRTN & RESEARCH","280","92687","","TBA"," ","Open","19","1","Khreishah, Abdallah","Face-to-Face","1","https://www.bkstr.com/webapp/wcs/stores/servlet/booklookServlet?bookstore_id-1=584&term_id-1=2024 Fall&crn-1=92687","See department for permission to enroll."
"202490","ECE790A","DOCTRL DISSRTN & RESEARCH","282","92688","","TBA"," ","Open","19","0","","Face-to-Face","1","https://www.bkstr.com/webapp/wcs/stores/servlet/booklookServlet?bookstore_id-1=584&term_id-1=2024 Fall&crn-1=92688","See department for permission to enroll."
"202490","ECE790A","DOCTRL DISSRTN & RESEARCH","290","92689","","TBA"," ","Open","19","0","","Face-to-Face","1","https://www.bkstr.com/webapp/wcs/stores/servlet/booklookServlet?bookstore_id-1=584&term_id-1=2024 Fall&crn-1=92689","See department for permission to enroll."
"202490","ECE790A","DOCTRL DISSRTN & RESEARCH","291","92690","","TBA"," ","Open","19","0","","Face-to-Face","1","https://www.bkstr.com/webapp/wcs/stores/servlet/booklookServlet?bookstore_id-1=584&term_id-1=2024 Fall&crn-1=92690","See department for permission to enroll."
"202490","ECE790A","DOCTRL DISSRTN & RESEARCH","292","92691","","TBA"," ","Open","19","0","","Face-to-Face","1","https://www.bkstr.com/webapp/wcs/stores/servlet/booklookServlet?bookstore_id-1=584&term_id-1=2024 Fall&crn-1=92691","See department for permission to enroll."
"202490","ECE790A","DOCTRL DISSRTN & RESEARCH","296","92692","","TBA"," ","Open","19","0","","Face-to-Face","1","https://www.bkstr.com/webapp/wcs/stores/servlet/booklookServlet?bookstore_id-1=584&term_id-1=2024 Fall&crn-1=92692","See department for permission to enroll."
"202490","ECE790A","DOCTRL DISSRTN & RESEARCH","297","92693","","TBA"," ","Open","19","0","","Face-to-Face","1","https://www.bkstr.com/webapp/wcs/stores/servlet/booklookServlet?bookstore_id-1=584&term_id-1=2024 Fall&crn-1=92693","See department for permission to enroll."
"202490","ECE790A","DOCTRL DISSRTN & RESEARCH","298","92694","","TBA"," ","Open","19","1","Kliewer, Joerg","Face-to-Face","1","https://www.bkstr.com/webapp/wcs/stores/servlet/booklookServlet?bookstore_id-1=584&term_id-1=2024 Fall&crn-1=92694","See department for permission to enroll."
"202490","ECE790A","DOCTRL DISSRTN & RESEARCH","299","92695","","TBA"," ","Open","19","0","Pong, Wing Tat","Face-to-Face","1","https://www.bkstr.com/webapp/wcs/stores/servlet/booklookServlet?bookstore_id-1=584&term_id-1=2024 Fall&crn-1=92695","See department for permission to enroll."
"202490","ECE790A","DOCTRL DISSRTN & RESEARCH","305","92696","","TBA"," ","Open","19","2","Abdi, Ali","Face-to-Face","1","https://www.bkstr.com/webapp/wcs/stores/servlet/booklookServlet?bookstore_id-1=584&term_id-1=2024 Fall&crn-1=92696","See department for permission to enroll."
"202490","ECE790A","DOCTRL DISSRTN & RESEARCH","307","92697","","TBA"," ","Open","19","0","","Face-to-Face","1","https://www.bkstr.com/webapp/wcs/stores/servlet/booklookServlet?bookstore_id-1=584&term_id-1=2024 Fall&crn-1=92697","See department for permission to enroll."
"202490","ECE790A","DOCTRL DISSRTN & RESEARCH","308","92698","","TBA"," ","Open","19","0","Rojas-Cessa, Roberto","Face-to-Face","1","https://www.bkstr.com/webapp/wcs/stores/servlet/booklookServlet?bookstore_id-1=584&term_id-1=2024 Fall&crn-1=92698","See department for permission to enroll."
"202490","ECE790A","DOCTRL DISSRTN & RESEARCH","314","92699","","TBA"," ","Open","19","0","Han, Tao","Face-to-Face","1","https://www.bkstr.com/webapp/wcs/stores/servlet/booklookServlet?bookstore_id-1=584&term_id-1=2024 Fall&crn-1=92699","See department for permission to enroll."
"202490","ECE790A","DOCTRL DISSRTN & RESEARCH","315","92700","","TBA"," ","Open","19","0","Ghosh, Arnob","Face-to-Face","1","https://www.bkstr.com/webapp/wcs/stores/servlet/booklookServlet?bookstore_id-1=584&term_id-1=2024 Fall&crn-1=92700","See department for permission to enroll."
"202490","ECE790A","DOCTRL DISSRTN & RESEARCH","316","92701","","TBA"," ","Open","19","0","Taylor, Joshua","Face-to-Face","1","https://www.bkstr.com/webapp/wcs/stores/servlet/booklookServlet?bookstore_id-1=584&term_id-1=2024 Fall&crn-1=92701","See department for permission to enroll."
"202490","ECE790A","DOCTRL DISSRTN & RESEARCH","340","92702","","TBA"," ","Open","19","0","","Face-to-Face","1","https://www.bkstr.com/webapp/wcs/stores/servlet/booklookServlet?bookstore_id-1=584&term_id-1=2024 Fall&crn-1=92702","See department for permission to enroll."
"202490","ECE790A","DOCTRL DISSRTN & RESEARCH","353","92703","","TBA"," ","Open","19","0","Azizi, Seyyedmohsen","Face-to-Face","1","https://www.bkstr.com/webapp/wcs/stores/servlet/booklookServlet?bookstore_id-1=584&term_id-1=2024 Fall&crn-1=92703","See department for permission to enroll."
"202490","ECE790A","DOCTRL DISSRTN & RESEARCH","792","92704","","TBA"," ","Open","19","0","","Face-to-Face","1","https://www.bkstr.com/webapp/wcs/stores/servlet/booklookServlet?bookstore_id-1=584&term_id-1=2024 Fall&crn-1=92704","See department for permission to enroll."
"202490","ECE791","GRADUATE SEMINAR","001","92705","","TBA"," ","Open","150","14","Wang, Cong","Face-to-Face","0","https://www.bkstr.com/webapp/wcs/stores/servlet/booklookServlet?bookstore_id-1=584&term_id-1=2024 Fall&crn-1=92705",""
"202490","ECE792B","PRE-DOCTORAL RESEARCH","230","92706","","TBA"," ","Open","19","0","Netto, Marcos","Face-to-Face","3","https://www.bkstr.com/webapp/wcs/stores/servlet/booklookServlet?bookstore_id-1=584&term_id-1=2024 Fall&crn-1=92706","See department for permission to enroll."
"202490","ECE792B","PRE-DOCTORAL RESEARCH","240","92707","","TBA"," ","Open","19","0","","Face-to-Face","3","https://www.bkstr.com/webapp/wcs/stores/servlet/booklookServlet?bookstore_id-1=584&term_id-1=2024 Fall&crn-1=92707","See department for permission to enroll."
"202490","ECE792B","PRE-DOCTORAL RESEARCH","241","92708","","TBA"," ","Open","19","1","Ansari, Nirwan","Face-to-Face","3","https://www.bkstr.com/webapp/wcs/stores/servlet/booklookServlet?bookstore_id-1=584&term_id-1=2024 Fall&crn-1=92708","See department for permission to enroll."
"202490","ECE792B","PRE-DOCTORAL RESEARCH","243","92709","","TBA"," ","Open","19","0","","Face-to-Face","3","https://www.bkstr.com/webapp/wcs/stores/servlet/booklookServlet?bookstore_id-1=584&term_id-1=2024 Fall&crn-1=92709","See department for permission to enroll."
"202490","ECE792B","PRE-DOCTORAL RESEARCH","244","92710","","TBA"," ","Open","19","1","Kam, Moshe","Face-to-Face","3","https://www.bkstr.com/webapp/wcs/stores/servlet/booklookServlet?bookstore_id-1=584&term_id-1=2024 Fall&crn-1=92710","See department for permission to enroll."
"202490","ECE792B","PRE-DOCTORAL RESEARCH","245","92711","","TBA"," ","Open","19","0","","Face-to-Face","3","https://www.bkstr.com/webapp/wcs/stores/servlet/booklookServlet?bookstore_id-1=584&term_id-1=2024 Fall&crn-1=92711","See department for permission to enroll."
"202490","ECE792B","PRE-DOCTORAL RESEARCH","249","92712","","TBA"," ","Open","19","2","Angizi, Shaahin","Face-to-Face","3","https://www.bkstr.com/webapp/wcs/stores/servlet/booklookServlet?bookstore_id-1=584&term_id-1=2024 Fall&crn-1=92712","See department for permission to enroll."
"202490","ECE792B","PRE-DOCTORAL RESEARCH","250","92713","","TBA"," ","Open","19","1","Ko, Dong","Face-to-Face","3","https://www.bkstr.com/webapp/wcs/stores/servlet/booklookServlet?bookstore_id-1=584&term_id-1=2024 Fall&crn-1=92713","See department for permission to enroll."
"202490","ECE792B","PRE-DOCTORAL RESEARCH","251","92714","","TBA"," ","Open","19","0","","Face-to-Face","3","https://www.bkstr.com/webapp/wcs/stores/servlet/booklookServlet?bookstore_id-1=584&term_id-1=2024 Fall&crn-1=92714","See department for permission to enroll."
"202490","ECE792B","PRE-DOCTORAL RESEARCH","252","92715","","TBA"," ","Open","19","0","","Face-to-Face","3","https://www.bkstr.com/webapp/wcs/stores/servlet/booklookServlet?bookstore_id-1=584&term_id-1=2024 Fall&crn-1=92715","See department for permission to enroll."
"202490","ECE792B","PRE-DOCTORAL RESEARCH","253","92716","","TBA"," ","Open","19","0","","Face-to-Face","3","https://www.bkstr.com/webapp/wcs/stores/servlet/booklookServlet?bookstore_id-1=584&term_id-1=2024 Fall&crn-1=92716","See department for permission to enroll."
"202490","ECE792B","PRE-DOCTORAL RESEARCH","254","92717","","TBA"," ","Open","19","0","","Face-to-Face","3","https://www.bkstr.com/webapp/wcs/stores/servlet/booklookServlet?bookstore_id-1=584&term_id-1=2024 Fall&crn-1=92717","See department for permission to enroll."
"202490","ECE792B","PRE-DOCTORAL RESEARCH","255","92718","","TBA"," ","Open","19","0","Hubbi, Walid","Face-to-Face","3","https://www.bkstr.com/webapp/wcs/stores/servlet/booklookServlet?bookstore_id-1=584&term_id-1=2024 Fall&crn-1=92718","See department for permission to enroll."
"202490","ECE792B","PRE-DOCTORAL RESEARCH","256","92719","","TBA"," ","Open","19","1","Liu, Qing","Face-to-Face","3","https://www.bkstr.com/webapp/wcs/stores/servlet/booklookServlet?bookstore_id-1=584&term_id-1=2024 Fall&crn-1=92719","See department for permission to enroll."
"202490","ECE792B","PRE-DOCTORAL RESEARCH","261","92720","","TBA"," ","Open","19","1","Misra, Durgamadhab","Face-to-Face","3","https://www.bkstr.com/webapp/wcs/stores/servlet/booklookServlet?bookstore_id-1=584&term_id-1=2024 Fall&crn-1=92720","See department for permission to enroll."
"202490","ECE792B","PRE-DOCTORAL RESEARCH","267","92721","","TBA"," ","Open","19","0","","Face-to-Face","3","https://www.bkstr.com/webapp/wcs/stores/servlet/booklookServlet?bookstore_id-1=584&term_id-1=2024 Fall&crn-1=92721","See department for permission to enroll."
"202490","ECE792B","PRE-DOCTORAL RESEARCH","270","92722","","TBA"," ","Open","19","0","","Face-to-Face","3","https://www.bkstr.com/webapp/wcs/stores/servlet/booklookServlet?bookstore_id-1=584&term_id-1=2024 Fall&crn-1=92722","See department for permission to enroll."
"202490","ECE792B","PRE-DOCTORAL RESEARCH","275","92723","","TBA"," ","Open","19","0","","Face-to-Face","3","https://www.bkstr.com/webapp/wcs/stores/servlet/booklookServlet?bookstore_id-1=584&term_id-1=2024 Fall&crn-1=92723","See department for permission to enroll."
"202490","ECE792B","PRE-DOCTORAL RESEARCH","277","92724","","TBA"," ","Open","19","0","","Face-to-Face","3","https://www.bkstr.com/webapp/wcs/stores/servlet/booklookServlet?bookstore_id-1=584&term_id-1=2024 Fall&crn-1=92724","See department for permission to enroll."
"202490","ECE792B","PRE-DOCTORAL RESEARCH","280","92725","","TBA"," ","Open","19","0","Khreishah, Abdallah","Face-to-Face","3","https://www.bkstr.com/webapp/wcs/stores/servlet/booklookServlet?bookstore_id-1=584&term_id-1=2024 Fall&crn-1=92725","See department for permission to enroll."
"202490","ECE792B","PRE-DOCTORAL RESEARCH","282","92726","","TBA"," ","Open","19","0","","Face-to-Face","3","https://www.bkstr.com/webapp/wcs/stores/servlet/booklookServlet?bookstore_id-1=584&term_id-1=2024 Fall&crn-1=92726","See department for permission to enroll."
"202490","ECE792B","PRE-DOCTORAL RESEARCH","290","92727","","TBA"," ","Open","19","0","","Face-to-Face","3","https://www.bkstr.com/webapp/wcs/stores/servlet/booklookServlet?bookstore_id-1=584&term_id-1=2024 Fall&crn-1=92727","See department for permission to enroll."
"202490","ECE792B","PRE-DOCTORAL RESEARCH","291","92728","","TBA"," ","Open","19","0","","Face-to-Face","3","https://www.bkstr.com/webapp/wcs/stores/servlet/booklookServlet?bookstore_id-1=584&term_id-1=2024 Fall&crn-1=92728","See department for permission to enroll."
"202490","ECE792B","PRE-DOCTORAL RESEARCH","292","92729","","TBA"," ","Open","19","0","","Face-to-Face","3","https://www.bkstr.com/webapp/wcs/stores/servlet/booklookServlet?bookstore_id-1=584&term_id-1=2024 Fall&crn-1=92729","See department for permission to enroll."
"202490","ECE792B","PRE-DOCTORAL RESEARCH","296","92730","","TBA"," ","Open","19","0","","Face-to-Face","3","https://www.bkstr.com/webapp/wcs/stores/servlet/booklookServlet?bookstore_id-1=584&term_id-1=2024 Fall&crn-1=92730","See department for permission to enroll."
"202490","ECE792B","PRE-DOCTORAL RESEARCH","297","92731","","TBA"," ","Open","19","0","","Face-to-Face","3","https://www.bkstr.com/webapp/wcs/stores/servlet/booklookServlet?bookstore_id-1=584&term_id-1=2024 Fall&crn-1=92731","See department for permission to enroll."
"202490","ECE792B","PRE-DOCTORAL RESEARCH","298","92732","","TBA"," ","Open","19","3","Kliewer, Joerg","Face-to-Face","3","https://www.bkstr.com/webapp/wcs/stores/servlet/booklookServlet?bookstore_id-1=584&term_id-1=2024 Fall&crn-1=92732","See department for permission to enroll."
"202490","ECE792B","PRE-DOCTORAL RESEARCH","299","92733","","TBA"," ","Open","19","1","Pong, Wing Tat","Face-to-Face","3","https://www.bkstr.com/webapp/wcs/stores/servlet/booklookServlet?bookstore_id-1=584&term_id-1=2024 Fall&crn-1=92733","See department for permission to enroll."
"202490","ECE792B","PRE-DOCTORAL RESEARCH","305","92734","","TBA"," ","Open","19","0","Abdi, Ali","Face-to-Face","3","https://www.bkstr.com/webapp/wcs/stores/servlet/booklookServlet?bookstore_id-1=584&term_id-1=2024 Fall&crn-1=92734","See department for permission to enroll."
"202490","ECE792B","PRE-DOCTORAL RESEARCH","307","92735","","TBA"," ","Open","19","0","","Face-to-Face","3","https://www.bkstr.com/webapp/wcs/stores/servlet/booklookServlet?bookstore_id-1=584&term_id-1=2024 Fall&crn-1=92735","See department for permission to enroll."
"202490","ECE792B","PRE-DOCTORAL RESEARCH","308","92736","","TBA"," ","Open","19","1","Rojas-Cessa, Roberto","Face-to-Face","3","https://www.bkstr.com/webapp/wcs/stores/servlet/booklookServlet?bookstore_id-1=584&term_id-1=2024 Fall&crn-1=92736","See department for permission to enroll."
"202490","ECE792B","PRE-DOCTORAL RESEARCH","314","92737","","TBA"," ","Open","19","1","Han, Tao","Face-to-Face","3","https://www.bkstr.com/webapp/wcs/stores/servlet/booklookServlet?bookstore_id-1=584&term_id-1=2024 Fall&crn-1=92737","See department for permission to enroll."
"202490","ECE792B","PRE-DOCTORAL RESEARCH","315","92738","","TBA"," ","Open","19","0","Ghosh, Arnob","Face-to-Face","3","https://www.bkstr.com/webapp/wcs/stores/servlet/booklookServlet?bookstore_id-1=584&term_id-1=2024 Fall&crn-1=92738","See department for permission to enroll."
"202490","ECE792B","PRE-DOCTORAL RESEARCH","316","92739","","TBA"," ","Open","19","0","Taylor, Joshua","Face-to-Face","3","https://www.bkstr.com/webapp/wcs/stores/servlet/booklookServlet?bookstore_id-1=584&term_id-1=2024 Fall&crn-1=92739","See department for permission to enroll."
"202490","ECE792B","PRE-DOCTORAL RESEARCH","340","92740","","TBA"," ","Open","19","0","","Face-to-Face","3","https://www.bkstr.com/webapp/wcs/stores/servlet/booklookServlet?bookstore_id-1=584&term_id-1=2024 Fall&crn-1=92740","See department for permission to enroll."
"202490","ECE792B","PRE-DOCTORAL RESEARCH","353","92741","","TBA"," ","Open","19","0","Azizi, Seyyedmohsen","Face-to-Face","3","https://www.bkstr.com/webapp/wcs/stores/servlet/booklookServlet?bookstore_id-1=584&term_id-1=2024 Fall&crn-1=92741","See department for permission to enroll."
"202490","ECE792B","PRE-DOCTORAL RESEARCH","792","92742","","TBA"," ","Open","19","0","","Face-to-Face","3","https://www.bkstr.com/webapp/wcs/stores/servlet/booklookServlet?bookstore_id-1=584&term_id-1=2024 Fall&crn-1=92742","See department for permission to enroll."
